State,City,,Population1,"Violent 
crime",Murder,Rape2,Robbery,"Aggravated 
assault","Property 
crime",Burglary,"Larceny-
theft","Motor 
vehicle 
theft",Arson3
ALABAMA,HUNTSVILLE4,2018,"196,620 ",,,,,,,,,,
,,2019,,872 ,12 ,79 ,159 ,622 ,"3,854 ",554 ,"2,804 ",496 ,
,TUSCALOOSA,2018,"101,764 ",253 ,3 ,20 ,71 ,159 ,"2,092 ",414 ,"1,569 ",109 ,
,,2019,,311 ,4 ,18 ,92 ,197 ,"2,166 ",347 ,"1,672 ",147 ,
ARIZONA,CHANDLER,2018,"255,986 ",287 ,1 ,74 ,62 ,150 ,"2,771 ",369 ,"2,241 ",161 ,8 
,,2019,,295 ,2 ,63 ,55 ,175 ,"2,511 ",281 ,"2,076 ",154 ,9 
,GILBERT,2018,"247,463 ",132 ,1 ,49 ,15 ,67 ,"1,705 ",214 ,"1,409 ",82 ,5 
,,2019,,116 ,0 ,27 ,21 ,68 ,"1,416 ",185 ,"1,167 ",64 ,6 
,GLENDALE,2018,"249,799 ",594 ,7 ,69 ,171 ,347 ,"4,830 ",756 ,"3,581 ",493 ,34 
,,2019,,384 ,8 ,29 ,122 ,225 ,"4,067 ",733 ,"2,958 ",376 ,
,MESA,2018,"504,873 ",967 ,10 ,143 ,192 ,622 ,"5,113 ",751 ,"3,901 ",461 ,7 
,,2019,,969 ,4 ,133 ,177 ,655 ,"4,813 ",722 ,"3,692 ",399 ,11 
,PEORIA,2018,"170,177 ",201 ,2 ,33 ,29 ,137 ,"1,596 ",281 ,"1,224 ",91 ,4 
,,2019,,219 ,1 ,49 ,52 ,117 ,"1,696 ",229 ,"1,351 ",116 ,5 
,PHOENIX,2018,"1,653,080 ","6,118 ",67 ,566 ,"1,438 ","4,047 ","28,854 ","5,465 ","19,461 ","3,928 ",140 
,,2019,,"5,659 ",70 ,550 ,"1,564 ","3,475 ","28,196 ","4,901 ","19,877 ","3,418 ",104 
,SCOTTSDALE,2018,"254,961 ",211 ,7 ,53 ,52 ,99 ,"2,853 ",350 ,"2,362 ",141 ,7 
,,2019,,200 ,3 ,59 ,52 ,86 ,"2,797 ",365 ,"2,301 ",131 ,11 
,SURPRISE,2018,"136,611 ",67 ,3 ,10 ,20 ,34 ,"1,088 ",138 ,860 ,90 ,3 
,,2019,,83 ,2 ,15 ,32 ,34 ,"1,052 ",108 ,872 ,72 ,7 
,TEMPE,2018,"188,543 ",448 ,3 ,75 ,97 ,273 ,"3,567 ",456 ,"2,841 ",270 ,3 
,,2019,,430 ,3 ,66 ,103 ,258 ,"3,690 ",442 ,"2,952 ",296 ,8 
,TUCSON,2018,"537,392 ","2,027 ",26 ,255 ,670 ,"1,076 ","13,925 ","1,690 ","10,959 ","1,276 ",92 
,,2019,,"1,936 ",27 ,264 ,560 ,"1,085 ","9,809 ","1,302 ","7,402 ","1,105 ",76 
ARKANSAS,LITTLE ROCK,2018,"199,288 ","1,336 ",19 ,121 ,150 ,"1,046 ","6,236 ","1,068 ","4,643 ",525 ,24 
,,2019,,"1,464 ",20 ,105 ,170 ,"1,169 ","5,494 ",817 ,"4,180 ",497 ,27 
CALIFORNIA,ANAHEIM,2018,"354,743 ",578 ,2 ,70 ,195 ,311 ,"4,399 ",733 ,"2,969 ",697 ,13 
,,2019,,497 ,6 ,49 ,174 ,268 ,"4,164 ",538 ,"3,009 ",617 ,16 
,ANTIOCH,2018,"112,956 ",283 ,1 ,24 ,102 ,156 ,"1,479 ",278 ,910 ,291 ,28 
,,2019,,290 ,5 ,28 ,108 ,149 ,"1,634 ",278 ,"1,020 ",336 ,31 
,BAKERSFIELD,2018,"385,609 ",911 ,18 ,60 ,402 ,431 ,"8,330 ","1,997 ","4,875 ","1,458 ",116 
,,2019,,862 ,18 ,57 ,367 ,420 ,"7,575 ","1,888 ","4,410 ","1,277 ",230 
,BERKELEY,2018,"123,735 ",270 ,1 ,31 ,167 ,71 ,"2,581 ",403 ,"1,915 ",263 ,21 
,,2019,,283 ,0 ,25 ,174 ,84 ,"2,776 ",404 ,"2,146 ",226 ,5 
,BURBANK,2018,"105,041 ",129 ,0 ,7 ,48 ,74 ,"1,362 ",141 ,"1,115 ",106 ,7 
,,2019,,87 ,1 ,7 ,34 ,45 ,"1,324 ",143 ,"1,068 ",113 ,2 
,CARLSBAD,2018,"116,739 ",115 ,1 ,19 ,23 ,72 ,"1,081 ",169 ,830 ,82 ,5 
,,2019,,129 ,2 ,28 ,17 ,82 ,"1,068 ",143 ,840 ,85 ,6 
,CHULA VISTA,2018,"274,370 ",406 ,4 ,43 ,114 ,245 ,"1,905 ",307 ,"1,244 ",354 ,9 
,,2019,,396 ,2 ,21 ,122 ,251 ,"1,847 ",228 ,"1,226 ",393 ,16 
,CLOVIS,2018,"111,759 ",106 ,1 ,23 ,15 ,67 ,"1,271 ",160 ,"1,024 ",87 ,2 
,,2019,,125 ,0 ,25 ,16 ,84 ,"1,120 ",165 ,875 ,80 ,2 
,CONCORD,2018,"130,855 ",246 ,1 ,27 ,103 ,115 ,"2,151 ",261 ,"1,611 ",279 ,12 
,,2019,,237 ,1 ,34 ,102 ,100 ,"2,255 ",211 ,"1,744 ",300 ,11 
,CORONA,2018,"170,041 ",127 ,4 ,27 ,49 ,47 ,"1,535 ",191 ,"1,082 ",262 ,10 
,,2019,,125 ,3 ,31 ,45 ,46 ,"1,796 ",340 ,"1,180 ",276 ,12 
,COSTA MESA,2018,"114,358 ",170 ,3 ,35 ,59 ,73 ,"1,911 ",265 ,"1,486 ",160 ,12 
,,2019,,134 ,0 ,16 ,51 ,67 ,"1,903 ",204 ,"1,515 ",184 ,11 
,DALY CITY,2018,"107,928 ",113 ,2 ,18 ,45 ,48 ,719 ,119 ,517 ,83 ,3 
,,2019,,122 ,0 ,26 ,47 ,49 ,897 ,88 ,714 ,95 ,7 
,DOWNEY,2018,"113,277 ",174 ,3 ,7 ,83 ,81 ,"1,353 ",243 ,785 ,325 ,8 
,,2019,,177 ,3 ,15 ,77 ,82 ,"1,344 ",166 ,888 ,290 ,2 
,EL CAJON,2018,"104,497 ",246 ,2 ,20 ,86 ,138 ,"1,164 ",166 ,827 ,171 ,9 
,,2019,,273 ,2 ,18 ,94 ,159 ,"1,120 ",206 ,750 ,164 ,8 
,EL MONTE,2018,"116,464 ",181 ,2 ,12 ,78 ,89 ,"1,216 ",257 ,677 ,282 ,10 
,,2019,,138 ,1 ,15 ,63 ,59 ,910 ,183 ,497 ,230 ,2 
,ELK GROVE,2018,"174,651 ",198 ,0 ,16 ,40 ,142 ,"1,128 ",147 ,892 ,89 ,6 
,,2019,,172 ,0 ,18 ,62 ,92 ,"1,221 ",144 ,989 ,88 ,4 
,ESCONDIDO,2018,"153,073 ",237 ,1 ,28 ,71 ,137 ,"1,370 ",187 ,933 ,250 ,5 
,,2019,,260 ,3 ,22 ,70 ,165 ,"1,201 ",184 ,806 ,211 ,3 
,FAIRFIELD,2018,"117,883 ",335 ,2 ,53 ,89 ,191 ,"1,639 ",211 ,"1,121 ",307 ,11 
,,2019,,222 ,2 ,27 ,72 ,121 ,"1,821 ",175 ,"1,374 ",272 ,11 
,FONTANA,2018,"213,964 ",331 ,5 ,27 ,94 ,205 ,"1,683 ",289 ,928 ,466 ,5 
,,2019,,337 ,4 ,38 ,90 ,205 ,"1,559 ",262 ,914 ,383 ,4 
,FREMONT,2018,"238,024 ",274 ,1 ,32 ,115 ,126 ,"2,387 ",404 ,"1,620 ",363 ,6 
,,2019,,198 ,1 ,13 ,82 ,102 ,"2,310 ",258 ,"1,751 ",301 ,5 
,FRESNO,2018,"531,818 ","1,489 ",18 ,93 ,473 ,905 ,"8,628 ","1,411 ","6,126 ","1,091 ",129 
,,2019,,"1,394 ",23 ,74 ,378 ,919 ,"8,898 ","1,478 ","6,234 ","1,186 ",52 
,FULLERTON,2018,"141,132 ",174 ,0 ,27 ,66 ,81 ,"1,878 ",176 ,"1,460 ",242 ,8 
,,2019,,150 ,1 ,38 ,44 ,67 ,"1,607 ",120 ,"1,301 ",186 ,11 
,GARDEN GROVE,2018,"174,661 ",266 ,2 ,28 ,90 ,146 ,"2,096 ",329 ,"1,438 ",329 ,6 
,,2019,,241 ,1 ,24 ,86 ,130 ,"1,918 ",298 ,"1,386 ",234 ,7 
,GLENDALE,2018,"204,724 ",83 ,0 ,16 ,24 ,43 ,"1,491 ",188 ,"1,156 ",147 ,5 
,,2019,,111 ,4 ,9 ,44 ,54 ,"1,682 ",248 ,"1,298 ",136 ,8 
,HAYWARD,2018,"162,881 ",330 ,0 ,55 ,170 ,105 ,"2,434 ",262 ,"1,468 ",704 ,9 
,,2019,,265 ,2 ,28 ,128 ,107 ,"2,385 ",237 ,"1,528 ",620 ,16 
,HUNTINGTON BEACH,2018,"203,428 ",218 ,0 ,41 ,59 ,118 ,"1,871 ",227 ,"1,485 ",159 ,9 
,,2019,,169 ,0 ,29 ,44 ,96 ,"2,025 ",290 ,"1,577 ",158 ,10 
,INGLEWOOD,2018,"110,726 ",349 ,7 ,27 ,156 ,159 ,"1,382 ",221 ,822 ,339 ,7 
,,2019,,352 ,1 ,30 ,189 ,132 ,"1,143 ",160 ,667 ,316 ,4 
,IRVINE,2018,"288,052 ",82 ,0 ,22 ,22 ,38 ,"1,670 ",276 ,"1,307 ",87 ,2 
,,2019,,87 ,0 ,25 ,32 ,30 ,"1,905 ",312 ,"1,516 ",77 ,2 
,JURUPA VALLEY,2018,"107,605 ",134 ,5 ,8 ,45 ,76 ,"1,389 ",201 ,791 ,397 ,0 
,,2019,,152 ,4 ,3 ,43 ,102 ,"1,238 ",206 ,662 ,370 ,2 
,LANCASTER,2018,"160,818 ",586 ,4 ,49 ,142 ,391 ,"1,855 ",512 ,981 ,362 ,14 
,,2019,,703 ,6 ,43 ,192 ,462 ,"1,607 ",358 ,952 ,297 ,25 
,LONG BEACH,2018,"470,445 ","1,702 ",11 ,107 ,527 ,"1,057 ","5,936 ","1,077 ","3,688 ","1,171 ",57 
,,2019,,"1,164 ",13 ,122 ,455 ,574 ,"5,628 ","1,117 ","3,434 ","1,077 ",86 
,LOS ANGELES,2018,"4,029,741 ","14,709 ",132 ,"1,324 ","5,139 ","8,114 ","50,093 ","7,869 ","33,364 ","8,860 ",897 
,,2019,,"14,236 ",127 ,"1,097 ","4,779 ","8,233 ","48,049 ","7,145 ","33,158 ","7,746 ",735 
,MODESTO,2018,"215,822 ",963 ,8 ,47 ,204 ,704 ,"3,965 ",564 ,"2,819 ",582 ,26 
,,2019,,890 ,8 ,40 ,216 ,626 ,"3,752 ",643 ,"2,504 ",605 ,33 
,MORENO VALLEY,2018,"209,145 ",396 ,7 ,17 ,141 ,231 ,"2,933 ",591 ,"1,828 ",514 ,5 
,,2019,,390 ,4 ,10 ,137 ,239 ,"2,728 ",439 ,"1,749 ",540 ,3 
,MURRIETA,2018,"114,706 ",49 ,2 ,5 ,18 ,24 ,661 ,128 ,435 ,98 ,2 
,,2019,,34 ,0 ,9 ,10 ,15 ,748 ,108 ,523 ,117 ,3 
,NORWALK,2018,"106,158 ",219 ,5 ,4 ,61 ,149 ,"1,057 ",222 ,604 ,231 ,4 
,,2019,,212 ,2 ,13 ,63 ,134 ,809 ,171 ,462 ,176 ,10 
,OAKLAND,2018,"430,230 ","2,675 ",32 ,214 ,"1,220 ","1,209 ","10,677 ","1,160 ","7,021 ","2,496 ",106 
,,2019,,"2,700 ",40 ,192 ,"1,337 ","1,131 ","12,053 ","1,217 ","8,324 ","2,512 ",84 
,OCEANSIDE,2018,"177,464 ",309 ,3 ,33 ,72 ,201 ,"1,845 ",258 ,"1,346 ",241 ,12 
,,2019,,319 ,2 ,43 ,78 ,196 ,"1,810 ",191 ,"1,405 ",214 ,10 
,ONTARIO,2018,"177,542 ",314 ,5 ,57 ,109 ,143 ,"2,344 ",346 ,"1,487 ",511 ,17 
,,2019,,329 ,4 ,54 ,109 ,162 ,"2,070 ",354 ,"1,248 ",468 ,16 
,ORANGE,2018,"141,108 ",91 ,2 ,1 ,44 ,44 ,"1,232 ",239 ,852 ,141 ,10 
,,2019,,87 ,1 ,6 ,39 ,41 ,"1,039 ",192 ,734 ,113 ,3 
,OXNARD,2018,"211,737 ",427 ,8 ,32 ,195 ,192 ,"2,591 ",351 ,"1,831 ",409 ,20 
,,2019,,368 ,7 ,29 ,144 ,188 ,"2,294 ",343 ,"1,612 ",339 ,23 
,PALMDALE,2018,"158,177 ",325 ,3 ,22 ,84 ,216 ,"1,203 ",287 ,692 ,224 ,9 
,,2019,,331 ,5 ,27 ,105 ,194 ,"1,094 ",202 ,691 ,201 ,6 
,PASADENA,2018,"143,448 ",236 ,2 ,21 ,75 ,138 ,"1,447 ",349 ,934 ,164 ,10 
,,2019,,329 ,1 ,21 ,78 ,229 ,"1,358 ",315 ,924 ,119 ,14 
,POMONA,2018,"153,496 ",442 ,8 ,44 ,180 ,210 ,"2,370 ",413 ,"1,429 ",528 ,17 
,,2019,,450 ,8 ,48 ,154 ,240 ,"2,107 ",408 ,"1,245 ",454 ,7 
,RIALTO,2018,"104,173 ",243 ,2 ,26 ,87 ,128 ,"1,408 ",226 ,872 ,310 ,7 
,,2019,,253 ,4 ,28 ,78 ,143 ,"1,618 ",202 ,"1,116 ",300 ,9 
,RICHMOND,2018,"110,982 ",509 ,7 ,13 ,191 ,298 ,"2,086 ",130 ,"1,092 ",864 ,17 
,,2019,,533 ,7 ,21 ,149 ,356 ,"2,039 ",229 ,"1,195 ",615 ,17 
,RIVERSIDE,2018,"331,022 ",801 ,9 ,73 ,271 ,448 ,"5,199 ",754 ,"3,552 ",893 ,35 
,,2019,,861 ,5 ,50 ,231 ,575 ,"4,511 ",638 ,"3,164 ",709 ,20 
,ROSEVILLE,2018,"137,706 ",125 ,2 ,15 ,60 ,48 ,"1,744 ",231 ,"1,363 ",150 ,3 
,,2019,,100 ,2 ,14 ,38 ,46 ,"1,471 ",196 ,"1,166 ",109 ,6 
,SACRAMENTO,2018,"507,037 ","1,606 ",17 ,54 ,491 ,"1,044 ","7,649 ","1,348 ","4,887 ","1,414 ",62 
,,2019,,"1,561 ",18 ,54 ,515 ,974 ,"8,002 ","1,464 ","5,131 ","1,407 ",66 
,SALINAS,2018,"158,590 ",484 ,9 ,54 ,156 ,265 ,"2,145 ",495 ,"1,069 ",581 ,13 
,,2019,,426 ,1 ,37 ,147 ,241 ,"2,032 ",460 ,997 ,575 ,12 
,SAN BERNARDINO,2018,"217,986 ","1,422 ",21 ,87 ,462 ,852 ,"4,446 ","1,119 ","2,311 ","1,016 ",32 
,,2019,,"1,373 ",20 ,81 ,452 ,820 ,"4,373 ","1,078 ","2,243 ","1,052 ",38 
,SAN DIEGO,2018,"1,436,495 ","2,630 ",18 ,310 ,653 ,"1,649 ","12,983 ","1,798 ","8,698 ","2,487 ",91 
,,2019,,"2,558 ",19 ,263 ,672 ,"1,604 ","13,543 ","1,821 ","9,193 ","2,529 ",59 
,SAN FRANCISCO,2018,"889,282 ","3,060 ",21 ,185 ,"1,521 ","1,333 ","23,559 ","2,583 ","18,998 ","1,978 ",128 
,,2019,,"2,711 ",20 ,167 ,"1,356 ","1,168 ","22,053 ","2,277 ","17,760 ","2,016 ",125 
,SAN JOSE,2018,"1,047,305 ","2,077 ",15 ,257 ,788 ,"1,017 ","13,018 ","2,253 ","6,468 ","4,297 ",71 
,,2019,,"2,237 ",17 ,311 ,665 ,"1,244 ","12,485 ","2,052 ","7,272 ","3,161 ",47 
,SAN MATEO,2018,"105,839 ",136 ,0 ,6 ,40 ,90 ,"1,076 ",346 ,618 ,112 ,3 
,,2019,,141 ,2 ,26 ,35 ,78 ,"1,071 ",256 ,723 ,92 ,5 
,SANTA CLARA,2018,"128,682 ",103 ,0 ,26 ,36 ,41 ,"1,620 ",185 ,"1,218 ",217 ,4 
,,2019,,115 ,0 ,23 ,36 ,56 ,"2,447 ",179 ,"2,064 ",204 ,14 
,SANTA CLARITA,2018,"216,589 ",169 ,3 ,23 ,54 ,89 ,"1,295 ",310 ,832 ,153 ,15 
,,2019,,114 ,0 ,22 ,42 ,50 ,"1,001 ",213 ,682 ,106 ,4 
,SANTA ROSA,2018,"176,325 ",389 ,3 ,81 ,64 ,241 ,"1,556 ",256 ,"1,096 ",204 ,14 
,,2019,,418 ,2 ,73 ,61 ,282 ,"1,402 ",194 ,"1,057 ",151 ,12 
,SIMI VALLEY,2018,"127,222 ",110 ,0 ,25 ,31 ,54 ,802 ,112 ,618 ,72 ,0 
,,2019,,72 ,0 ,7 ,20 ,45 ,586 ,106 ,448 ,32 ,4 
,STOCKTON,2018,"313,158 ","2,045 ",15 ,93 ,559 ,"1,378 ","5,624 ","1,158 ","3,435 ","1,031 ",82 
,,2019,,"2,244 ",23 ,104 ,531 ,"1,586 ","6,278 ","1,124 ","4,256 ",898 ,83 
,SUNNYVALE,2018,"155,637 ",116 ,0 ,23 ,37 ,56 ,"1,265 ",201 ,862 ,202 ,1 
,,2019,,127 ,0 ,18 ,40 ,69 ,"1,646 ",250 ,"1,209 ",187 ,6 
,TEMECULA,2018,"116,411 ",65 ,0 ,0 ,29 ,36 ,"1,334 ",213 ,973 ,148 ,0 
,,2019,,87 ,0 ,2 ,44 ,41 ,"1,376 ",171 ,"1,044 ",161 ,3 
,THOUSAND OAKS,2018,"129,319 ",51 ,2 ,13 ,13 ,23 ,707 ,104 ,545 ,58 ,2 
,,2019,,41 ,0 ,13 ,11 ,17 ,747 ,135 ,572 ,40 ,1 
,TORRANCE,2018,"146,968 ",124 ,1 ,11 ,55 ,57 ,"1,362 ",238 ,984 ,140 ,7 
,,2019,,151 ,3 ,16 ,67 ,65 ,"1,411 ",185 ,"1,101 ",125 ,4 
,VACAVILLE,2018,"101,146 ",131 ,0 ,10 ,38 ,83 ,"1,093 ",102 ,898 ,93 ,5 
,,2019,,157 ,2 ,20 ,40 ,95 ,"1,162 ",74 ,"1,003 ",85 ,7 
,VALLEJO,2018,"122,974 ",474 ,4 ,42 ,170 ,258 ,"2,024 ","1,069 ",490 ,465 ,20 
,,2019,,483 ,5 ,50 ,171 ,257 ,"2,182 ","1,246 ",563 ,373 ,28 
,VENTURA,2018,"111,272 ",223 ,1 ,31 ,48 ,143 ,"1,728 ",274 ,"1,302 ",152 ,26 
,,2019,,243 ,1 ,38 ,57 ,147 ,"1,538 ",177 ,"1,222 ",139 ,4 
,VISALIA,2018,"134,224 ",226 ,1 ,55 ,67 ,103 ,"2,067 ",376 ,"1,432 ",259 ,8 
,,2019,,259 ,1 ,53 ,83 ,122 ,"1,834 ",367 ,"1,201 ",266 ,9 
,VISTA,2018,"102,742 ",155 ,1 ,21 ,41 ,92 ,735 ,138 ,445 ,152 ,0 
,,2019,,191 ,1 ,21 ,48 ,121 ,672 ,127 ,443 ,102 ,3 
,WEST COVINA,2018,"107,806 ",128 ,0 ,7 ,72 ,49 ,"1,262 ",198 ,885 ,179 ,3 
,,2019,,139 ,2 ,12 ,66 ,59 ,"1,203 ",166 ,844 ,193 ,4 
COLORADO,ARVADA,2018,"120,631 ",127 ,0 ,30 ,16 ,81 ,"1,667 ",168 ,"1,255 ",244 ,10 
,,2019,,134 ,1 ,21 ,25 ,87 ,"1,870 ",175 ,"1,499 ",196 ,4 
,AURORA,2018,"372,824 ","1,295 ",10 ,200 ,294 ,791 ,"5,547 ",835 ,"3,605 ","1,107 ",30 
,,2019,,"1,290 ",12 ,216 ,290 ,772 ,"5,178 ",642 ,"3,408 ","1,128 ",44 
,BOULDER,2018,"108,380 ",127 ,0 ,19 ,12 ,96 ,"1,595 ",188 ,"1,289 ",118 ,12 
,,2019,,127 ,0 ,14 ,23 ,90 ,"1,497 ",169 ,"1,207 ",121 ,3 
,CENTENNIAL,2018,"111,646 ",97 ,1 ,21 ,8 ,67 ,962 ,122 ,751 ,89 ,5 
,,2019,,66 ,0 ,6 ,6 ,54 ,661 ,55 ,545 ,61 ,1 
,COLORADO SPRINGS,2018,"471,124 ","1,334 ",12 ,245 ,278 ,799 ,"7,661 ","1,408 ","5,116 ","1,137 ",74 
,,2019,,"1,249 ",10 ,192 ,193 ,854 ,"8,270 ","1,097 ","5,780 ","1,393 ",50 
,DENVER,2018,"720,745 ","2,537 ",34 ,374 ,575 ,"1,554 ","13,024 ","2,053 ","8,364 ","2,607 ",60 
,,2019,,"2,452 ",28 ,333 ,554 ,"1,537 ","12,732 ","1,717 ","8,436 ","2,579 ",50 
,FORT COLLINS,2018,"168,163 ",187 ,1 ,17 ,17 ,152 ,"1,868 ",197 ,"1,591 ",80 ,5 
,,2019,,160 ,1 ,17 ,17 ,125 ,"1,693 ",183 ,"1,414 ",96 ,5 
,GREELEY,2018,"107,325 ",210 ,1 ,44 ,30 ,135 ,"1,312 ",183 ,989 ,140 ,11 
,,2019,,190 ,1 ,34 ,36 ,119 ,"1,218 ",184 ,905 ,129 ,13 
,THORNTON,2018,"139,697 ",192 ,1 ,64 ,45 ,82 ,"2,279 ",234 ,"1,660 ",385 ,13 
,,2019,,172 ,0 ,49 ,30 ,93 ,"2,253 ",176 ,"1,546 ",531 ,8 
,WESTMINSTER,2018,"113,751 ",174 ,7 ,30 ,41 ,96 ,"1,760 ",152 ,"1,293 ",315 ,15 
,,2019,,134 ,1 ,24 ,36 ,73 ,"1,683 ",193 ,"1,202 ",288 ,2 
CONNECTICUT,BRIDGEPORT,2018,"146,819 ",474 ,5 ,34 ,146 ,289 ,"1,495 ",253 ,933 ,309 ,9 
,,2019,,400 ,9 ,40 ,155 ,196 ,"1,129 ",274 ,605 ,250 ,9 
,HARTFORD,2018,"123,117 ",681 ,13 ,24 ,179 ,465 ,"2,311 ",332 ,"1,572 ",407 ,38 
,,2019,,505 ,11 ,12 ,105 ,377 ,"1,644 ",181 ,"1,238 ",225 ,24 
,STAMFORD,2018,"132,007 ",107 ,2 ,13 ,26 ,66 ,"1,097 ",114 ,854 ,129 ,3 
,,2019,,107 ,2 ,11 ,38 ,56 ,850 ,104 ,678 ,68 ,1 
,WATERBURY,2018,"108,378 ",241 ,3 ,32 ,97 ,109 ,"2,077 ",281 ,"1,393 ",403 ,6 
,,2019,,143 ,1 ,20 ,56 ,66 ,"1,640 ",196 ,"1,110 ",334 ,7 
FLORIDA,BOCA RATON,2018,"100,162 ",96 ,0 ,17 ,30 ,49 ,"1,178 ",147 ,938 ,93 ,4 
,,2019,,92 ,0 ,20 ,34 ,38 ,"1,038 ",110 ,851 ,77 ,5 
,CAPE CORAL,2018,"187,869 ",123 ,0 ,6 ,28 ,89 ,"1,369 ",202 ,"1,084 ",83 ,1 
,,2019,,105 ,1 ,2 ,16 ,86 ,"1,103 ",147 ,865 ,91 ,4 
,CLEARWATER,2018,"116,504 ",267 ,2 ,53 ,59 ,153 ,"1,680 ",185 ,"1,394 ",101 ,4 
,,2019,,219 ,0 ,25 ,48 ,146 ,"1,383 ",137 ,"1,163 ",83 ,3 
,CORAL SPRINGS,2018,"134,640 ",82 ,0 ,14 ,29 ,39 ,"1,035 ",104 ,855 ,76 ,1 
,,2019,,94 ,0 ,24 ,29 ,41 ,"1,083 ",83 ,918 ,82 ,2 
,DAVIE,2018,"107,120 ",137 ,0 ,16 ,35 ,86 ,"1,374 ",107 ,"1,134 ",133 ,1 
,,2019,,126 ,1 ,9 ,29 ,87 ,"1,389 ",110 ,"1,135 ",144 ,8 
,FORT LAUDERDALE,2018,"182,150 ",505 ,11 ,33 ,162 ,299 ,"4,428 ",625 ,"3,368 ",435 ,5 
,,2019,,591 ,9 ,49 ,225 ,308 ,"4,421 ",628 ,"3,367 ",426 ,4 
,GAINESVILLE,2018,"133,400 ",501 ,4 ,74 ,113 ,310 ,"2,532 ",272 ,"2,087 ",173 ,5 
,,2019,,445 ,1 ,80 ,81 ,283 ,"2,272 ",245 ,"1,832 ",195 ,2 
,HIALEAH,2018,"241,778 ",281 ,1 ,18 ,84 ,178 ,"2,686 ",213 ,"2,094 ",379 ,1 
,,2019,,262 ,1 ,12 ,78 ,171 ,"2,472 ",192 ,"2,021 ",259 ,3 
,HOLLYWOOD,2018,"155,503 ",189 ,4 ,12 ,56 ,117 ,"2,101 ",249 ,"1,576 ",276 ,2 
,,2019,,205 ,5 ,22 ,69 ,109 ,"2,064 ",273 ,"1,589 ",202 ,5 
,JACKSONVILLE,2018,"903,213 ","2,766 ",55 ,289 ,674 ,"1,748 ","15,404 ","2,458 ","11,465 ","1,481 ",45 
,,2019,,"3,070 ",62 ,250 ,605 ,"2,153 ","14,132 ","2,186 ","10,706 ","1,240 ",33 
,LAKELAND,2018,"109,616 ",159 ,3 ,45 ,32 ,79 ,"1,834 ",278 ,"1,465 ",91 ,0 
,,2019,,186 ,3 ,32 ,51 ,100 ,"1,484 ",198 ,"1,180 ",106 ,6 
,MIAMI,2018,"473,047 ","1,419 ",27 ,56 ,396 ,940 ,"8,439 ","1,091 ","6,517 ",831 ,30 
,,2019,,"1,443 ",27 ,67 ,400 ,949 ,"8,772 ",871 ,"7,086 ",815 ,22 
,MIAMI GARDENS,2018,"114,670 ",437 ,12 ,8 ,116 ,301 ,"2,149 ",251 ,"1,694 ",204 ,8 
,,2019,,403 ,17 ,9 ,114 ,263 ,"2,283 ",197 ,"1,855 ",231 ,7 
,MIRAMAR,2018,"143,103 ",163 ,3 ,15 ,47 ,98 ,"1,043 ",106 ,792 ,145 ,2 
,,2019,,147 ,2 ,17 ,35 ,93 ,"1,020 ",113 ,779 ,128 ,2 
,ORLANDO,2018,"286,679 ","1,059 ",22 ,83 ,313 ,641 ,"6,688 ",776 ,"5,351 ",561 ,4 
,,2019,,"1,016 ",10 ,109 ,236 ,661 ,"6,381 ",783 ,"4,996 ",602 ,7 
,PALM BAY,2018,"112,902 ",216 ,2 ,35 ,19 ,160 ,"1,129 ",226 ,835 ,68 ,3 
,,2019,,195 ,1 ,37 ,27 ,130 ,"1,043 ",178 ,788 ,77 ,3 
,PEMBROKE PINES,2018,"173,053 ",157 ,1 ,14 ,31 ,111 ,"1,616 ",123 ,"1,372 ",121 ,2 
,,2019,,179 ,5 ,20 ,31 ,123 ,"1,635 ",107 ,"1,394 ",134 ,1 
,POMPANO BEACH,2018,"112,045 ",430 ,1 ,47 ,139 ,243 ,"2,187 ",303 ,"1,588 ",296 ,2 
,,2019,,428 ,5 ,40 ,155 ,228 ,"2,024 ",250 ,"1,508 ",266 ,3 
,PORT ST. LUCIE,2018,"193,137 ",100 ,2 ,16 ,16 ,66 ,900 ,146 ,717 ,37 ,4 
,,2019,,144 ,2 ,24 ,20 ,98 ,846 ,96 ,705 ,45 ,2 
,ST. PETERSBURG,2018,"265,942 ",760 ,12 ,65 ,187 ,496 ,"4,332 ",612 ,"3,337 ",383 ,22 
,,2019,,734 ,7 ,69 ,160 ,498 ,"4,233 ",549 ,"3,307 ",377 ,10 
,TALLAHASSEE,2018,"192,443 ",674 ,5 ,112 ,133 ,424 ,"4,285 ",655 ,"3,268 ",362 ,4 
,,2019,,613 ,10 ,89 ,105 ,409 ,"3,819 ",545 ,"2,938 ",336 ,4 
,TAMPA,2018,"392,945 ",786 ,10 ,39 ,153 ,584 ,"3,135 ",534 ,"2,372 ",229 ,16 
,,2019,,799 ,14 ,57 ,132 ,596 ,"3,287 ",494 ,"2,520 ",273 ,20 
,WEST PALM BEACH,2018,"111,659 ",538 ,16 ,46 ,183 ,293 ,"2,146 ",333 ,"1,614 ",199 ,9 
,,2019,,430 ,10 ,34 ,172 ,214 ,"2,070 ",215 ,"1,625 ",230 ,9 
GEORGIA,ATLANTA,2018,"496,106 ","1,947 ",42 ,128 ,557 ,"1,220 ","10,892 ","1,475 ","7,837 ","1,580 ",47 
,,2019,,"2,004 ",47 ,116 ,520 ,"1,321 ","10,340 ","1,420 ","7,393 ","1,527 ",37 
,SANDY SPRINGS,2018,"108,654 ",61 ,2 ,6 ,23 ,30 ,997 ,165 ,753 ,79 ,1 
,,2019,,72 ,0 ,5 ,17 ,50 ,925 ,141 ,717 ,67 ,1 
,SAVANNAH-CHATHAM METROPOLITAN,2018,"242,265 ",459 ,12 ,55 ,122 ,270 ,"2,872 ",449 ,"2,076 ",347 ,5 
,,2019,,576 ,13 ,48 ,121 ,394 ,"2,741 ",392 ,"2,091 ",258 ,9 
HAWAII,HONOLULU,2018,"982,019 ","1,253 ",10 ,201 ,414 ,628 ,"14,522 ","1,672 ","10,520 ","2,330 ",147 
,,2019,,"1,298 ",11 ,182 ,462 ,643 ,"14,239 ","2,108 ","10,352 ","1,779 ",122 
IDAHO,BOISE,2018,"229,265 ",315 ,1 ,97 ,19 ,198 ,"2,256 ",265 ,"1,867 ",124 ,17 
,,2019,,293 ,1 ,72 ,15 ,205 ,"1,324 ",165 ,"1,062 ",97 ,8 
,MERIDIAN,2018,"103,774 ",90 ,0 ,25 ,9 ,56 ,571 ,70 ,480 ,21 ,8 
,,2019,,73 ,4 ,16 ,4 ,49 ,558 ,78 ,457 ,23 ,2 
ILLINOIS,AURORA,2018,"201,364 ",267 ,2 ,33 ,47 ,185 ,"1,102 ",132 ,904 ,66 ,4 
,,2019,,219 ,9 ,24 ,42 ,144 ,882 ,89 ,730 ,63 ,9 
,CHICAGO,2018,"2,719,151 ","13,044 ",257 ,886 ,"4,626 ","7,275 ","40,360 ","5,445 ","30,094 ","4,821 ",192 
,,2019,,"12,136 ",239 ,866 ,"3,657 ","7,374 ","37,550 ","4,396 ","28,739 ","4,415 ",189 
,ELGIN,2018,"113,060 ",118 ,2 ,21 ,28 ,67 ,708 ,80 ,589 ,39 ,2 
,,2019,,84 ,0 ,14 ,33 ,37 ,606 ,79 ,491 ,36 ,1 
,JOLIET,2018,"148,553 ",233 ,3 ,20 ,64 ,146 ,"1,036 ",232 ,745 ,59 ,27 
,,2019,,353 ,11 ,25 ,43 ,274 ,"1,028 ",116 ,840 ,72 ,25 
,NAPERVILLE5,2018,"148,457 ",71 ,1 ,13 ,11 ,46 ,,84 ,,28 ,0 
,,2019,,67 ,1 ,9 ,7 ,50 ,,67 ,,21 ,0 
,PEORIA,2018,"112,595 ",418 ,10 ,33 ,79 ,296 ,"2,187 ",462 ,"1,515 ",210 ,28 
,,2019,,496 ,12 ,36 ,106 ,342 ,"1,770 ",355 ,"1,256 ",159 ,17 
,ROCKFORD,2018,"146,198 ",983 ,11 ,66 ,151 ,755 ,"2,611 ",611 ,"1,787 ",213 ,33 
,,2019,,803 ,9 ,55 ,115 ,624 ,"2,247 ",449 ,"1,628 ",170 ,20 
,SPRINGFIELD,2018,"114,623 ",451 ,8 ,35 ,86 ,322 ,"2,556 ",596 ,"1,871 ",89 ,12 
,,2019,,420 ,7 ,58 ,90 ,265 ,"2,401 ",515 ,"1,729 ",157 ,12 
INDIANA,EVANSVILLE,2018,"118,765 ",324 ,7 ,41 ,78 ,198 ,"2,591 ",374 ,"1,972 ",245 ,14 
,,2019,,351 ,7 ,45 ,74 ,225 ,"2,273 ",276 ,"1,811 ",186 ,17 
,FORT WAYNE,2018,"267,634 ",509 ,23 ,71 ,149 ,266 ,"3,342 ",488 ,"2,585 ",269 ,17 
,,2019,,506 ,12 ,79 ,178 ,237 ,"3,404 ",447 ,"2,699 ",258 ,20 
,SOUTH BEND,2018,"102,397 ",465 ,5 ,34 ,139 ,287 ,"1,844 ",422 ,"1,265 ",157 ,17 
,,2019,,598 ,8 ,26 ,127 ,437 ,"1,983 ",351 ,"1,371 ",261 ,23 
KANSAS,WICHITA,2018,"391,726 ","2,361 ",24 ,201 ,274 ,"1,862 ","10,710 ","1,673 ","7,649 ","1,388 ",77 
,,2019,,"2,035 ",13 ,177 ,203 ,"1,642 ","9,502 ","1,299 ","7,111 ","1,092 ",59 
KENTUCKY,LEXINGTON,2018,"325,579 ",504 ,17 ,118 ,229 ,140 ,"5,199 ",748 ,"3,926 ",525 ,23 
,,2019,,395 ,10 ,79 ,156 ,150 ,"4,547 ",724 ,"3,383 ",440 ,26 
LOUISIANA,BATON ROUGE,2018,"224,790 ","1,025 ",44 ,46 ,335 ,600 ,"5,982 ","1,438 ","4,031 ",513 ,85 
,,2019,,"1,094 ",28 ,24 ,316 ,726 ,"5,420 ","1,006 ","4,059 ",355 ,53 
,LAFAYETTE,2018,"127,592 ",359 ,3 ,14 ,87 ,255 ,"2,941 ",512 ,"2,251 ",178 ,10 
,,2019,,330 ,9 ,7 ,63 ,251 ,"2,769 ",527 ,"2,077 ",165 ,15 
,NEW ORLEANS5,2018,"396,374 ","2,244 ",90 ,338 ,612 ,"1,204 ","8,287 ",956 ,"5,928 ","1,403 ",
,,2019,,"2,325 ",58 ,359 ,502 ,"1,406 ","10,548 ","1,017 ","8,055 ","1,476 ",
,SHREVEPORT,2018,"190,808 ",805 ,17 ,68 ,168 ,552 ,"4,909 ",924 ,"3,556 ",429 ,44 
,,2019,,728 ,15 ,70 ,142 ,501 ,"4,282 ",787 ,"3,208 ",287 ,30 
MARYLAND,BALTIMORE5,2018,"605,436 ","5,143 ",133 ,188 ,"2,318 ","2,504 ","12,341 ","2,829 ","7,493 ","2,019 ",81 
,,2019,,"5,252 ",158 ,175 ,"2,217 ","2,702 ","12,402 ","2,638 ","7,841 ","1,923 ",
MASSACHUSETTS,BOSTON,2018,"694,673 ","2,129 ",26 ,133 ,601 ,"1,369 ","6,504 ",942 ,"5,031 ",531 ,
,,2019,,"1,937 ",22 ,113 ,440 ,"1,362 ","6,103 ",763 ,"4,843 ",497 ,
,CAMBRIDGE,2018,"114,881 ",151 ,0 ,11 ,44 ,96 ,907 ,123 ,750 ,34 ,6 
,,2019,,157 ,1 ,7 ,21 ,128 ,943 ,70 ,822 ,51 ,3 
,LOWELL,2018,"111,989 ",157 ,3 ,8 ,48 ,98 ,812 ,191 ,536 ,85 ,8 
,,2019,,204 ,2 ,10 ,40 ,152 ,747 ,145 ,508 ,94 ,9 
,SPRINGFIELD,2018,"155,179 ",762 ,10 ,54 ,237 ,461 ,"1,890 ",445 ,"1,232 ",213 ,12 
,,2019,,628 ,7 ,35 ,158 ,428 ,"1,817 ",323 ,"1,291 ",203 ,20 
,WORCESTER,2018,"186,188 ",645 ,1 ,31 ,151 ,462 ,"1,964 ",420 ,"1,387 ",157 ,6 
,,2019,,544 ,3 ,19 ,104 ,418 ,"1,800 ",400 ,"1,251 ",149 ,0 
MICHIGAN,ANN ARBOR,2018,"122,571 ",132 ,2 ,32 ,17 ,81 ,858 ,104 ,729 ,25 ,3 
,,2019,,153 ,2 ,41 ,23 ,87 ,"1,008 ",71 ,895 ,42 ,2 
,CLINTON TOWNSHIP,2018,"101,279 ",157 ,1 ,32 ,8 ,116 ,685 ,75 ,523 ,87 ,7 
,,2019,,123 ,0 ,17 ,11 ,95 ,596 ,59 ,473 ,64 ,4 
,DETROIT,2018,"671,275 ","6,290 ",127 ,494 ,"1,116 ","4,553 ","13,786 ","3,421 ","7,193 ","3,172 ",424 
,,2019,,"5,956 ",116 ,449 ,990 ,"4,401 ","12,786 ","3,123 ","6,693 ","2,970 ",374 
,LANSING,2018,"117,380 ",658 ,2 ,73 ,86 ,497 ,"1,613 ",385 ,"1,059 ",169 ,15 
,,2019,,642 ,3 ,63 ,75 ,501 ,"1,482 ",314 ,"1,002 ",166 ,11 
,STERLING HEIGHTS,2018,"133,055 ",127 ,1 ,21 ,8 ,97 ,668 ,68 ,547 ,53 ,1 
,,2019,,68 ,0 ,13 ,7 ,48 ,599 ,57 ,484 ,58 ,6 
,WARREN,2018,"135,160 ",336 ,0 ,66 ,58 ,212 ,"1,377 ",285 ,798 ,294 ,4 
,,2019,,340 ,1 ,39 ,42 ,258 ,"1,147 ",266 ,696 ,185 ,10 
MINNESOTA,MINNEAPOLIS6,2018,"428,261 ","1,733 ",14 ,237 ,575 ,907 ,"7,684 ","1,312 ","5,317 ","1,055 ",38 
,,2019,,"1,697 ",14 ,224 ,512 ,947 ,"8,557 ","1,390 ","5,871 ","1,296 ",34 
,ROCHESTER6,2018,"117,037 ",125 ,4 ,39 ,19 ,63 ,"1,048 ",139 ,857 ,52 ,1 
,,2019,,100 ,0 ,26 ,17 ,57 ,"1,033 ",136 ,839 ,58 ,1 
,ST. PAUL,2018,"309,756 ",907 ,4 ,139 ,258 ,506 ,"4,685 ",813 ,"2,620 ","1,252 ",55 
,,2019,,783 ,11 ,105 ,243 ,424 ,"5,153 ",960 ,"3,017 ","1,176 ",46 
MISSISSIPPI,JACKSON7,2018,"166,024 ",,46 ,,202 ,284 ,"3,825 ",955 ,"2,361 ",509 ,30 
,,2019,,,48 ,,203 ,338 ,"3,456 ",815 ,"2,211 ",430 ,42 
MISSOURI,COLUMBIA,2018,"123,586 ",179 ,3 ,45 ,38 ,93 ,"1,556 ",204 ,"1,216 ",136 ,4 
,,2019,,188 ,6 ,33 ,37 ,112 ,"1,512 ",224 ,"1,130 ",158 ,
,INDEPENDENCE6,2018,"117,368 ",248 ,9 ,27 ,50 ,162 ,"3,087 ",384 ,"2,063 ",640 ,8 
,,2019,,339 ,0 ,53 ,52 ,234 ,"2,543 ",257 ,"1,778 ",508 ,8 
,SPRINGFIELD,2018,"168,537 ","1,013 ",4 ,162 ,136 ,711 ,"5,539 ",905 ,"3,950 ",684 ,26 
,,2019,,"1,316 ",7 ,191 ,149 ,969 ,"5,798 ",937 ,"4,120 ",741 ,
,ST. LOUIS,2018,"306,875 ","2,724 ",85 ,151 ,652 ,"1,836 ","8,476 ","1,282 ","6,001 ","1,193 ",89 
,,2019,,"2,750 ",92 ,115 ,680 ,"1,863 ","8,224 ","1,382 ","5,454 ","1,388 ",90 
MONTANA,BILLINGS,2018,"110,397 ",273 ,1 ,29 ,53 ,190 ,"2,685 ",334 ,"1,962 ",389 ,9 
,,2019,,359 ,6 ,36 ,46 ,271 ,"2,248 ",274 ,"1,663 ",311 ,5 
NEBRASKA,LINCOLN,2018,"288,589 ",510 ,2 ,142 ,67 ,299 ,"3,884 ",589 ,"3,118 ",177 ,19 
,,2019,,509 ,2 ,156 ,73 ,278 ,"3,805 ",474 ,"3,091 ",240 ,
,OMAHA,2018,"469,351 ","1,259 ",14 ,215 ,187 ,843 ,"7,312 ",824 ,"5,125 ","1,363 ",
,,2019,,"1,378 ",9 ,199 ,233 ,937 ,"8,138 ",730 ,"5,794 ","1,614 ",
NEVADA,HENDERSON,2018,"309,586 ",267 ,4 ,34 ,93 ,136 ,"3,063 ",543 ,"2,155 ",365 ,9 
,,2019,,238 ,6 ,36 ,79 ,117 ,"2,862 ",447 ,"2,121 ",294 ,8 
,LAS VEGAS METROPOLITAN POLICE DEPARTMENT,2018,"1,644,390 ","5,129 ",68 ,766 ,"1,367 ","2,928 ","23,599 ","6,152 ","13,414 ","4,033 ",51 
,,2019,,"4,397 ",40 ,713 ,"1,094 ","2,550 ","22,677 ","5,289 ","13,746 ","3,642 ",64 
,NORTH LAS VEGAS,2018,"246,951 ","1,148 ",13 ,74 ,202 ,859 ,"2,774 ",693 ,"1,467 ",614 ,7 
,,2019,,"1,312 ",9 ,72 ,214 ,"1,017 ","2,319 ",641 ,"1,207 ",471 ,9 
,RENO,2018,"252,341 ",759 ,2 ,89 ,140 ,528 ,"3,088 ",484 ,"2,082 ",522 ,6 
,,2019,,739 ,6 ,76 ,149 ,508 ,"2,836 ",398 ,"1,874 ",564 ,7 
,SPARKS,2018,"102,354 ",245 ,1 ,30 ,54 ,160 ,"1,197 ",273 ,761 ,163 ,10 
,,2019,,246 ,0 ,45 ,44 ,157 ,"1,205 ",264 ,754 ,187 ,3 
NEW HAMPSHIRE,MANCHESTER,2018,"111,422 ",322 ,0 ,35 ,65 ,222 ,"1,300 ",155 ,"1,067 ",78 ,10 
,,2019,,303 ,3 ,29 ,65 ,206 ,"1,152 ",135 ,936 ,81 ,3 
NEW JERSEY,EDISON TOWNSHIP,2018,"101,309 ",52 ,1 ,2 ,18 ,31 ,564 ,85 ,439 ,40 ,2 
,,2019,,40 ,1 ,4 ,8 ,27 ,626 ,62 ,520 ,44 ,1 
,ELIZABETH,2018,"129,080 ",395 ,3 ,23 ,156 ,213 ,"1,927 ",297 ,"1,227 ",403 ,5 
,,2019,,438 ,3 ,31 ,173 ,231 ,"1,886 ",169 ,"1,345 ",372 ,1 
,JERSEY CITY,2018,"270,175 ",535 ,7 ,39 ,198 ,291 ,"2,260 ",529 ,"1,454 ",277 ,7 
,,2019,,623 ,4 ,40 ,169 ,410 ,"2,401 ",453 ,"1,634 ",314 ,6 
,LAKEWOOD TOWNSHIP,2018,"102,915 ",48 ,0 ,1 ,5 ,42 ,369 ,72 ,270 ,27 ,5 
,,2019,,62 ,1 ,5 ,17 ,39 ,433 ,110 ,308 ,15 ,2 
,NEWARK,2018,"282,258 ",999 ,36 ,74 ,331 ,558 ,"2,877 ",431 ,"1,297 ","1,149 ",25 
,,2019,,883 ,29 ,62 ,311 ,481 ,"2,312 ",367 ,"1,168 ",777 ,6 
,PATERSON,2018,"146,893 ",494 ,4 ,24 ,229 ,237 ,"1,825 ",384 ,"1,198 ",243 ,4 
,,2019,,569 ,4 ,28 ,218 ,319 ,"1,678 ",491 ,974 ,213 ,16 
,WOODBRIDGE TOWNSHIP,2018,"100,884 ",64 ,0 ,4 ,15 ,45 ,647 ,65 ,543 ,39 ,4 
,,2019,,65 ,0 ,5 ,12 ,48 ,677 ,42 ,567 ,68 ,1 
NEW MEXICO,ALBUQUERQUE,2018,"560,235 ","3,905 ",40 ,248 ,"1,050 ","2,567 ","17,946 ","3,220 ","11,079 ","3,647 ",57 
,,2019,,"3,284 ",41 ,235 ,690 ,"2,318 ","15,338 ","2,926 ","9,657 ","2,755 ",40 
,LAS CRUCES,2018,"102,203 ",194 ,3 ,18 ,19 ,154 ,"1,822 ",274 ,"1,423 ",125 ,3 
,,2019,,256 ,6 ,36 ,23 ,191 ,"1,598 ",182 ,"1,287 ",129 ,1 
NEW YORK,AMHERST TOWN,2018,"121,343 ",79 ,0 ,12 ,25 ,42 ,780 ,88 ,679 ,13 ,1 
,,2019,,55 ,1 ,6 ,20 ,28 ,826 ,81 ,732 ,13 ,2 
,BUFFALO,2018,"258,219 ","1,289 ",24 ,92 ,416 ,757 ,"4,497 ","1,052 ","2,986 ",459 ,77 
,,2019,,"1,115 ",17 ,62 ,316 ,720 ,"3,643 ",711 ,"2,639 ",293 ,63 
,NEW YORK,2018,"8,523,171 ","22,436 ",156 ,"1,451 ","6,223 ","14,606 ","59,974 ","5,084 ","52,426 ","2,464 ",
,,2019,,"22,216 ",142 ,"1,391 ","5,838 ","14,845 ","57,521 ","4,425 ","50,911 ","2,185 ",
,ROCHESTER,2018,"207,701 ",744 ,15 ,66 ,239 ,424 ,"3,154 ",511 ,"2,374 ",269 ,30 
,,2019,,705 ,14 ,48 ,191 ,452 ,"3,190 ",535 ,"2,351 ",304 ,21 
,SYRACUSE,2018,"143,129 ",409 ,13 ,43 ,107 ,246 ,"1,874 ",331 ,"1,350 ",193 ,18 
,,2019,,542 ,10 ,53 ,109 ,370 ,"2,027 ",351 ,"1,413 ",263 ,24 
,YONKERS,2018,"202,827 ",371 ,1 ,16 ,108 ,246 ,837 ,136 ,630 ,71 ,2 
,,2019,,323 ,3 ,24 ,77 ,219 ,800 ,106 ,632 ,62 ,3 
"NORTH CAROLINA 5, 6, 8",CARY,2018,"170,518 ",,0 ,,22 ,42 ,782 ,137 ,626 ,19 ,3 
,,2019,,56 ,0 ,6 ,19 ,31 ,703 ,93 ,578 ,32 ,0 
,CHARLOTTE-MECKLENBURG5,2018,"931,235 ",,28 ,,833 ,"1,914 ",,,"12,430 ","1,423 ",74 
,,2019,,"3,319 ",53 ,134 ,851 ,"2,281 ",,,"12,572 ","1,447 ",78 
,DURHAM,2018,"273,759 ",,13 ,,276 ,470 ,"4,433 ","1,103 ","3,005 ",325 ,19 
,,2019,,965 ,22 ,64 ,299 ,580 ,"5,044 ",960 ,"3,747 ",337 ,16 
,FAYETTEVILLE5,2018,"210,117 ",,9 ,,98 ,648 ,"3,712 ",763 ,"2,769 ",180 ,
,,2019,,866 ,11 ,53 ,120 ,682 ,"3,398 ",549 ,"2,686 ",163 ,30 
,GREENSBORO,2018,"293,298 ",,23 ,,259 ,555 ,"4,605 ",945 ,"3,331 ",329 ,53 
,,2019,,"1,259 ",21 ,50 ,309 ,879 ,"5,651 ","1,138 ","4,050 ",463 ,42 
,HIGH POINT5,2018,"112,526 ",,8 ,,54 ,248 ,"1,798 ",299 ,"1,362 ",137 ,
,,2019,,353 ,10 ,20 ,47 ,276 ,"1,771 ",274 ,"1,318 ",179 ,9 
,WILMINGTON,2018,"120,920 ",,4 ,,65 ,271 ,"1,696 ",464 ,"1,126 ",106 ,6 
,,2019,,373 ,3 ,29 ,51 ,290 ,"1,575 ",335 ,"1,138 ",102 ,9 
NORTH DAKOTA,FARGO,2018,"124,906 ",246 ,3 ,53 ,33 ,157 ,"1,840 ",319 ,"1,373 ",148 ,5 
,,2019,,281 ,3 ,62 ,42 ,174 ,"1,909 ",394 ,"1,327 ",188 ,14 
OHIO,AKRON,2018,"197,690 ",756 ,12 ,112 ,170 ,462 ,"3,405 ",807 ,"2,233 ",365 ,29 
,,2019,,895 ,14 ,72 ,159 ,650 ,"2,949 ",736 ,"1,956 ",257 ,34 
,CINCINNATI5,2018,"301,952 ","1,148 ",34 ,155 ,417 ,542 ,"6,624 ","1,400 ","4,543 ",681 ,
,,2019,,"1,192 ",24 ,129 ,375 ,664 ,"5,982 ","1,234 ","4,187 ",561 ,
,CLEVELAND,2018,"384,666 ","3,019 ",40 ,256 ,"1,068 ","1,655 ","7,982 ","2,079 ","4,370 ","1,533 ",77 
,,2019,,"2,703 ",35 ,220 ,843 ,"1,605 ","7,762 ","2,095 ","4,393 ","1,274 ",73 
,COLUMBUS5,2018,"892,576 ","2,202 ",60 ,461 ,879 ,802 ,"15,219 ","3,126 ","10,036 ","2,057 ",
,,2019,,"2,122 ",49 ,372 ,823 ,878 ,"14,128 ","2,676 ","9,527 ","1,925 ",
,DAYTON,2018,"140,094 ",670 ,16 ,88 ,206 ,360 ,"2,994 ",812 ,"1,800 ",382 ,24 
,,2019,,630 ,10 ,93 ,151 ,376 ,"2,635 ",701 ,"1,573 ",361 ,3 
,"TOLEDO5, 9",2018,"275,023 ","1,093 ",23 ,106 ,285 ,679 ,"5,033 ","1,279 ","3,441 ",313 ,
,,2019,,"1,183 ",16 ,91 ,290 ,786 ,"4,462 ","1,132 ","3,015 ",315 ,
OKLAHOMA,BROKEN ARROW,2018,"109,663 ",69 ,1 ,30 ,6 ,32 ,"1,140 ",157 ,889 ,94 ,3 
,,2019,,71 ,0 ,19 ,13 ,39 ,968 ,139 ,763 ,66 ,4 
,NORMAN,2018,"124,577 ",172 ,2 ,42 ,25 ,103 ,"1,729 ",280 ,"1,283 ",166 ,4 
,,2019,,162 ,0 ,39 ,22 ,101 ,"1,538 ",219 ,"1,155 ",164 ,3 
,OKLAHOMA CITY6,2018,"652,936 ","2,708 ",34 ,264 ,491 ,"1,919 ","12,384 ","3,050 ","7,689 ","1,645 ",28 
,,2019,,"2,290 ",31 ,212 ,437 ,"1,610 ","12,562 ","2,768 ","8,031 ","1,763 ",34 
,TULSA,2018,"403,147 ","1,993 ",21 ,192 ,366 ,"1,414 ","10,792 ","2,359 ","6,812 ","1,621 ",97 
,,2019,,"1,993 ",29 ,160 ,333 ,"1,471 ","10,031 ","2,270 ","6,412 ","1,349 ",91 
OREGON,EUGENE,2018,"170,771 ",322 ,1 ,65 ,93 ,163 ,"2,754 ",403 ,"2,088 ",263 ,21 
,,2019,,304 ,2 ,62 ,79 ,161 ,"2,777 ",434 ,"2,080 ",263 ,16 
,GRESHAM,2018,"111,797 ",218 ,0 ,34 ,53 ,131 ,"1,906 ",237 ,"1,019 ",650 ,4 
,,2019,,227 ,1 ,40 ,54 ,132 ,"1,733 ",204 ,"1,009 ",520 ,16 
,HILLSBORO,2018,"109,121 ",168 ,0 ,38 ,36 ,94 ,"1,034 ",95 ,829 ,110 ,4 
,,2019,,136 ,0 ,41 ,28 ,67 ,"1,065 ",85 ,868 ,112 ,7 
,PORTLAND10,2018,"657,260 ","1,707 ",10 ,245 ,526 ,926 ,"18,043 ","2,181 ","12,459 ","3,403 ",
,,2019,,"1,736 ",16 ,188 ,470 ,"1,062 ","16,789 ","2,125 ","11,423 ","3,241 ",119 
,SALEM,2018,"172,022 ",398 ,2 ,35 ,99 ,262 ,"3,739 ",407 ,"2,809 ",523 ,22 
,,2019,,312 ,0 ,17 ,66 ,229 ,"3,256 ",341 ,"2,511 ",404 ,23 
PENNSYLVANIA,ALLENTOWN,2018,"121,743 ",187 ,4 ,25 ,81 ,77 ,"1,336 ",203 ,998 ,135 ,4 
,,2019,,230 ,4 ,32 ,76 ,118 ,"1,261 ",261 ,907 ,93 ,4 
,PHILADELPHIA,2018,"1,586,916 ","6,956 ",148 ,536 ,"2,481 ","3,791 ","23,172 ","3,036 ","17,491 ","2,645 ",212 
,,2019,,"7,224 ",163 ,494 ,"2,576 ","3,991 ","22,884 ","2,789 ","17,489 ","2,606 ",226 
,PITTSBURGH,2018,"302,544 ",827 ,30 ,54 ,329 ,414 ,"4,159 ",636 ,"3,201 ",322 ,52 
,,2019,,784 ,18 ,83 ,274 ,409 ,"3,648 ",577 ,"2,780 ",291 ,50 
RHODE ISLAND,PROVIDENCE,2018,"180,169 ",428 ,5 ,62 ,119 ,242 ,"2,829 ",393 ,"2,114 ",322 ,8 
,,2019,,384 ,5 ,51 ,96 ,232 ,"2,302 ",321 ,"1,766 ",215 ,2 
SOUTH CAROLINA,CHARLESTON,2018,"137,092 ",176 ,4 ,19 ,34 ,119 ,"1,408 ",137 ,"1,109 ",162 ,3 
,,2019,,254 ,4 ,24 ,41 ,185 ,"1,333 ",157 ,992 ,184 ,3 
,COLUMBIA,2018,"133,540 ",524 ,7 ,54 ,104 ,359 ,"3,455 ",479 ,"2,567 ",409 ,17 
,,2019,,467 ,11 ,35 ,106 ,315 ,"3,109 ",456 ,"2,327 ",326 ,6 
SOUTH DAKOTA,SIOUX FALLS,2018,"180,335 ",371 ,3 ,51 ,54 ,263 ,"2,447 ",299 ,"1,887 ",261 ,16 
,,2019,,352 ,0 ,38 ,24 ,290 ,"2,026 ",244 ,"1,532 ",250 ,13 
TENNESSEE,CHATTANOOGA,2018,"180,397 ",919 ,8 ,78 ,168 ,665 ,"5,238 ",705 ,"3,831 ",702 ,3 
,,2019,,918 ,11 ,78 ,98 ,731 ,"4,605 ",571 ,"3,505 ",529 ,20 
,CLARKSVILLE,2018,"156,264 ",510 ,12 ,55 ,64 ,379 ,"2,232 ",299 ,"1,772 ",161 ,12 
,,2019,,460 ,6 ,39 ,48 ,367 ,"2,241 ",263 ,"1,747 ",231 ,6 
,KNOXVILLE,2018,"188,653 ",798 ,16 ,71 ,153 ,558 ,"4,465 ",657 ,"3,272 ",536 ,5 
,,2019,,630 ,10 ,88 ,120 ,412 ,"3,888 ",556 ,"2,875 ",457 ,3 
,MEMPHIS,2018,"652,226 ","6,085 ",76 ,254 ,"1,410 ","4,345 ","20,155 ","4,118 ","13,777 ","2,260 ",135 
,,2019,,"6,238 ",90 ,216 ,"1,150 ","4,782 ","19,088 ","3,733 ","13,482 ","1,873 ",163 
,METROPOLITAN NASHVILLE POLICE DEPARTMENT,2018,"686,492 ","3,683 ",40 ,232 ,944 ,"2,467 ","12,776 ","1,687 ","9,631 ","1,458 ",25 
,,2019,,"3,404 ",30 ,204 ,923 ,"2,247 ","12,825 ","1,667 ","9,810 ","1,348 ",22 
,MURFREESBORO,2018,"140,702 ",322 ,7 ,46 ,56 ,213 ,"2,077 ",296 ,"1,648 ",133 ,4 
,,2019,,269 ,1 ,31 ,48 ,189 ,"1,959 ",282 ,"1,559 ",118 ,3 
TEXAS,ABILENE,2018,"122,480 ",272 ,2 ,60 ,38 ,172 ,"1,848 ",417 ,"1,304 ",127 ,1 
,,2019,,252 ,2 ,44 ,35 ,171 ,"1,566 ",265 ,"1,198 ",103 ,4 
,ALLEN,2018,"103,168 ",60 ,0 ,18 ,11 ,31 ,610 ,64 ,522 ,24 ,0 
,,2019,,48 ,0 ,11 ,10 ,27 ,547 ,47 ,472 ,28 ,0 
,AMARILLO,2018,"201,082 ",786 ,5 ,106 ,136 ,539 ,"4,195 ",731 ,"3,017 ",447 ,17 
,,2019,,767 ,7 ,90 ,134 ,536 ,"3,804 ",737 ,"2,581 ",486 ,21 
,ARLINGTON,2018,"400,920 ",918 ,4 ,116 ,187 ,611 ,"6,085 ",804 ,"4,660 ",621 ,7 
,,2019,,957 ,8 ,116 ,184 ,649 ,"5,498 ",611 ,"4,281 ",606 ,9 
,AUSTIN6,2018,"973,344 ","1,915 ",16 ,407 ,515 ,977 ,"15,268 ","1,984 ","12,088 ","1,196 ",36 
,,2019,,"1,899 ",13 ,281 ,437 ,"1,168 ","17,563 ","1,950 ","14,206 ","1,407 ",56 
,BEAUMONT,2018,"119,368 ",636 ,5 ,54 ,173 ,404 ,"2,222 ",483 ,"1,528 ",211 ,18 
,,2019,,588 ,8 ,41 ,141 ,398 ,"2,118 ",473 ,"1,496 ",149 ,11 
,BROWNSVILLE,2018,"184,461 ",313 ,2 ,12 ,75 ,224 ,"2,559 ",288 ,"2,207 ",64 ,5 
,,2019,,368 ,0 ,0 ,69 ,299 ,"2,231 ",307 ,"1,860 ",64 ,8 
,CARROLLTON,2018,"138,216 ",93 ,2 ,26 ,29 ,36 ,"1,130 ",187 ,826 ,117 ,0 
,,2019,,97 ,1 ,15 ,37 ,44 ,"1,052 ",152 ,764 ,136 ,1 
,COLLEGE STATION,2018,"116,565 ",114 ,1 ,29 ,15 ,69 ,"1,226 ",134 ,"1,028 ",64 ,0 
,,2019,,120 ,1 ,23 ,22 ,74 ,"1,133 ",205 ,834 ,94 ,0 
,CORPUS CHRISTI6,2018,"328,614 ","1,214 ",14 ,147 ,239 ,814 ,"5,993 ","1,083 ","4,465 ",445 ,34 
,,2019,,"1,220 ",11 ,126 ,229 ,854 ,"5,450 ",923 ,"4,127 ",400 ,28 
,DALLAS,2018,"1,362,465 ","4,763 ",81 ,434 ,"1,744 ","2,504 ","21,200 ","4,773 ","11,987 ","4,440 ",106 
,,2019,,"5,801 ",109 ,395 ,"2,188 ","3,109 ","22,995 ","4,993 ","12,795 ","5,207 ",70 
,DENTON,2018,"139,262 ",203 ,2 ,59 ,46 ,96 ,"1,743 ",213 ,"1,404 ",126 ,1 
,,2019,,191 ,1 ,69 ,44 ,77 ,"1,615 ",193 ,"1,308 ",114 ,0 
,EL PASO,2018,"688,442 ","1,247 ",6 ,202 ,180 ,859 ,"5,187 ",564 ,"4,249 ",374 ,6 
,,2019,,"1,200 ",9 ,175 ,176 ,840 ,"4,909 ",541 ,"3,972 ",396 ,24 
,FRISCO,2018,"187,889 ",90 ,1 ,28 ,11 ,50 ,"1,226 ",125 ,"1,046 ",55 ,1 
,,2019,,78 ,1 ,25 ,15 ,37 ,"1,257 ",131 ,"1,068 ",58 ,5 
,GARLAND,2018,"239,577 ",333 ,7 ,52 ,119 ,155 ,"3,050 ",542 ,"2,100 ",408 ,10 
,,2019,,354 ,10 ,68 ,121 ,155 ,"3,363 ",508 ,"2,408 ",447 ,5 
,GRAND PRAIRIE,2018,"196,535 ",241 ,3 ,48 ,64 ,126 ,"2,087 ",289 ,"1,566 ",232 ,8 
,,2019,,216 ,4 ,33 ,75 ,104 ,"1,936 ",240 ,"1,444 ",252 ,8 
,HOUSTON5,2018,"2,344,966 ","12,194 ",139 ,609 ,"4,415 ","7,031 ","46,206 ","7,939 ","32,589 ","5,678 ",
,,2019,,"11,832 ",129 ,609 ,"4,309 ","6,785 ","48,251 ","8,360 ","33,863 ","6,028 ",
,IRVING,2018,"243,940 ",242 ,6 ,32 ,98 ,106 ,"2,827 ",377 ,"2,134 ",316 ,9 
,,2019,,292 ,2 ,23 ,158 ,109 ,"2,887 ",329 ,"2,228 ",330 ,6 
,KILLEEN,2018,"148,007 ",292 ,3 ,67 ,79 ,143 ,"1,703 ",465 ,"1,119 ",119 ,17 
,,2019,,296 ,5 ,59 ,61 ,171 ,"1,594 ",411 ,"1,025 ",158 ,16 
,LAREDO6,2018,"264,214 ",443 ,6 ,77 ,76 ,284 ,"3,170 ",351 ,"2,732 ",87 ,18 
,,2019,,451 ,2 ,55 ,84 ,310 ,"2,442 ",395 ,"1,908 ",139 ,25 
,LEAGUE CITY,2018,"108,275 ",44 ,1 ,19 ,9 ,15 ,883 ,90 ,723 ,70 ,8 
,,2019,,63 ,1 ,27 ,6 ,29 ,725 ,83 ,600 ,42 ,1 
,LUBBOCK,2018,"257,372 ","1,235 ",5 ,114 ,229 ,887 ,"5,543 ","1,098 ","3,823 ",622 ,34 
,,2019,,"1,261 ",7 ,134 ,234 ,886 ,"5,584 ","1,189 ","3,840 ",555 ,37 
,MCALLEN,2018,"144,363 ",57 ,0 ,20 ,14 ,23 ,"1,961 ",97 ,"1,841 ",23 ,2 
,,2019,,76 ,0 ,19 ,18 ,39 ,"1,725 ",66 ,"1,646 ",13 ,2 
,MCKINNEY,2018,"189,555 ",160 ,0 ,35 ,46 ,79 ,"1,009 ",119 ,813 ,77 ,7 
,,2019,,133 ,1 ,32 ,20 ,80 ,939 ,125 ,742 ,72 ,5 
,MESQUITE,2018,"144,558 ",313 ,4 ,29 ,109 ,171 ,"2,646 ",404 ,"1,773 ",469 ,4 
,,2019,,335 ,5 ,26 ,110 ,194 ,"2,514 ",321 ,"1,800 ",393 ,3 
,MIDLAND,2018,"140,072 ",179 ,3 ,34 ,25 ,117 ,"1,339 ",193 ,"1,002 ",144 ,11 
,,2019,,201 ,2 ,35 ,20 ,144 ,"1,749 ",175 ,"1,363 ",211 ,1 
,ODESSA,2018,"119,545 ",536 ,3 ,48 ,50 ,435 ,"1,453 ",239 ,"1,028 ",186 ,5 
,,2019,,603 ,3 ,72 ,55 ,473 ,"1,644 ",213 ,"1,212 ",219 ,8 
,PASADENA6,2018,"154,101 ",355 ,3 ,56 ,90 ,206 ,"1,792 ",267 ,"1,356 ",169 ,4 
,,2019,,393 ,1 ,44 ,85 ,263 ,"1,876 ",281 ,"1,357 ",238 ,4 
,PEARLAND,2018,"124,179 ",70 ,0 ,11 ,15 ,44 ,887 ,104 ,734 ,49 ,3 
,,2019,,52 ,3 ,16 ,20 ,13 ,"1,053 ",141 ,866 ,46 ,1 
,RICHARDSON6,2018,"119,480 ",67 ,2 ,5 ,25 ,35 ,"1,224 ",188 ,932 ,104 ,3 
,,2019,,84 ,1 ,12 ,31 ,40 ,"1,177 ",171 ,882 ,124 ,0 
,ROUND ROCK,2018,"127,354 ",79 ,1 ,20 ,13 ,45 ,"1,170 ",156 ,988 ,26 ,2 
,,2019,,77 ,1 ,10 ,28 ,38 ,"1,160 ",70 ,"1,065 ",25 ,2 
,SAN ANGELO,2018,"101,084 ",198 ,1 ,52 ,24 ,121 ,"1,611 ",280 ,"1,221 ",110 ,1 
,,2019,,176 ,4 ,30 ,13 ,129 ,"1,576 ",260 ,"1,202 ",114 ,6 
,SAN ANTONIO,2018,"1,539,328 ","4,916 ",58 ,680 ,873 ,"3,305 ","30,590 ","4,642 ","22,993 ","2,955 ",88 
,,2019,,"5,171 ",53 ,717 ,926 ,"3,475 ","32,384 ","4,142 ","24,750 ","3,492 ",88 
,TYLER,2018,"106,159 ",178 ,0 ,32 ,28 ,118 ,"1,375 ",179 ,"1,131 ",65 ,0 
,,2019,,191 ,0 ,33 ,22 ,136 ,"1,555 ",215 ,"1,258 ",82 ,0 
,WACO,2018,"138,091 ",376 ,2 ,56 ,57 ,261 ,"2,385 ",576 ,"1,651 ",158 ,11 
,,2019,,377 ,5 ,52 ,53 ,267 ,"2,247 ",404 ,"1,703 ",140 ,4 
,WICHITA FALLS,2018,"104,738 ",199 ,4 ,45 ,67 ,83 ,"1,523 ",304 ,"1,120 ",99 ,0 
,,2019,,186 ,3 ,48 ,34 ,101 ,"1,495 ",258 ,"1,134 ",103 ,1 
UTAH,PROVO,2018,"117,986 ",115 ,1 ,42 ,9 ,63 ,"1,012 ",120 ,823 ,69 ,2 
,,2019,,74 ,1 ,26 ,5 ,42 ,795 ,80 ,667 ,48 ,1 
,SALT LAKE CITY,2018,"202,633 ",718 ,3 ,125 ,201 ,389 ,"5,969 ",817 ,"4,417 ",735 ,13 
,,2019,,673 ,7 ,119 ,191 ,356 ,"5,395 ",608 ,"4,161 ",626 ,13 
,WEST JORDAN,2018,"115,392 ",130 ,0 ,24 ,26 ,80 ,"1,492 ",165 ,"1,169 ",158 ,1 
,,2019,,112 ,0 ,13 ,11 ,88 ,"1,187 ",132 ,969 ,86 ,0 
,WEST VALLEY,2018,"137,132 ",488 ,6 ,93 ,79 ,310 ,"2,446 ",409 ,"1,616 ",421 ,9 
,,2019,,474 ,4 ,88 ,71 ,311 ,"2,055 ",310 ,"1,434 ",311 ,8 
VIRGINIA,ALEXANDRIA,2018,"162,588 ",125 ,1 ,16 ,36 ,72 ,"1,082 ",59 ,863 ,160 ,3 
,,2019,,137 ,1 ,7 ,44 ,85 ,"1,057 ",41 ,857 ,159 ,2 
,CHESAPEAKE,2018,"242,310 ",506 ,1 ,55 ,70 ,380 ,"2,404 ",332 ,"1,933 ",139 ,5 
,,2019,,524 ,3 ,51 ,76 ,394 ,"2,427 ",253 ,"2,039 ",135 ,7 
,NEWPORT NEWS,2018,"178,734 ",445 ,16 ,49 ,100 ,280 ,"2,586 ",412 ,"1,949 ",225 ,17 
,,2019,,472 ,8 ,27 ,78 ,359 ,"2,097 ",228 ,"1,711 ",158 ,21 
,NORFOLK,2018,"244,347 ",554 ,20 ,63 ,144 ,327 ,"3,994 ",321 ,"3,295 ",378 ,8 
,,2019,,601 ,13 ,70 ,140 ,378 ,"3,850 ",439 ,"3,070 ",341 ,5 
,ROANOKE,2018,"100,042 ",208 ,5 ,26 ,53 ,124 ,"2,009 ",257 ,"1,605 ",147 ,10 
,,2019,,209 ,6 ,28 ,45 ,130 ,"2,069 ",226 ,"1,664 ",179 ,8 
,VIRGINIA BEACH,2018,"451,001 ",275 ,6 ,36 ,89 ,144 ,"3,650 ",298 ,"3,107 ",245 ,20 
,,2019,,250 ,15 ,42 ,87 ,106 ,"3,615 ",241 ,"3,099 ",275 ,15 
WASHINGTON,BELLEVUE,2018,"146,913 ",95 ,0 ,14 ,34 ,47 ,"2,230 ",255 ,"1,814 ",161 ,8 
,,2019,,107 ,1 ,15 ,36 ,55 ,"2,032 ",206 ,"1,688 ",138 ,2 
,EVERETT,2018,"111,091 ",182 ,1 ,23 ,50 ,108 ,"2,444 ",349 ,"1,561 ",534 ,6 
,,2019,,168 ,4 ,20 ,38 ,106 ,"1,965 ",220 ,"1,380 ",365 ,7 
,KENT,2018,"129,870 ",238 ,4 ,47 ,101 ,86 ,"3,065 ",409 ,"2,120 ",536 ,9 
,,2019,,221 ,1 ,45 ,101 ,74 ,"2,647 ",418 ,"1,750 ",479 ,3 
,SPOKANE,2018,"218,222 ",814 ,4 ,190 ,109 ,511 ,"7,490 ",978 ,"5,698 ",814 ,19 
,,2019,,761 ,2 ,125 ,136 ,498 ,"6,308 ",856 ,"4,821 ",631 ,25 
WISCONSIN,GREEN BAY,2018,"105,281 ",247 ,1 ,43 ,25 ,178 ,817 ,106 ,663 ,48 ,3 
,,2019,,242 ,2 ,35 ,27 ,178 ,812 ,109 ,640 ,63 ,3 
,MADISON,2018,"258,455 ",501 ,2 ,57 ,90 ,352 ,"2,922 ",416 ,"2,264 ",242 ,5 
,,2019,,434 ,0 ,49 ,97 ,288 ,"2,834 ",428 ,"2,134 ",272 ,5 
,MILWAUKEE,2018,"595,619 ","4,190 ",53 ,284 ,"1,080 ","2,773 ","8,606 ","1,967 ","4,266 ","2,373 ",88 
,,2019,,"3,429 ",44 ,169 ,761 ,"2,455 ","6,241 ","1,389 ","3,325 ","1,527 ",84 