State,City,,Population1,"Violent
crime",Murder,Forcible rape,Robbery,Aggravated assault,"Property
crime",Burglary,"Larceny-
theft","Motor
vehicle
theft",Arson2,,
ALABAMA3,BIRMINGHAM4,2010,,,,,,,,,,,,,
,,2011,"213,258","3,163",54,182,"1,011","1,916","17,841","5,806","10,522","1,513",123,,
,HUNTSVILLE,2010,,"1,182",12,76,463,631,"9,768","2,677","6,230",861,21,,
,,2011,"180,972","1,521",13,51,408,"1,049","9,753","2,680","6,306",767,38,, 
,MOBILE5,2010,,"1,702",25,59,653,965,"14,179","3,873","9,279","1,027",77,,
,,2011,"251,869","1,619",30,48,637,904,"13,650","4,058","8,891",701,,,
,MONTGOMERY,2010,,797,25,55,401,316,"11,260","3,279","7,200",781,50,,
,,2011,"206,754",707,31,38,354,284,"10,743","2,884","7,043",816,52,,
ALASKA,ANCHORAGE,2010,,"2,432",13,264,454,"1,701","10,214","1,223","8,178",813,86,,
,,2011,"296,955","2,388",12,283,465,"1,628","9,455","1,080","7,750",625,126,,
ARIZONA,CHANDLER    ,2010,,691,6,61,195,429,"7,516","1,373","5,766",377,50,,
,,2011,"239,466",681,2,62,171,446,"7,416","1,344","5,741",331,35,,
,GILBERT,2010,,206,5,27,61,113,"4,145",807,"3,182",156,38,,
,,2011,"211,404",176,2,19,56,99,"3,820",816,"2,872",132,25,,
,GLENDALE,2010,,963,12,46,385,520,"13,524","2,264","9,936","1,324",54,,
,,2011,"229,931","1,114",22,44,431,617,"14,738","2,442","10,838","1,458",65,,
,MESA ,2010,,"1,790",15,124,511,"1,140","14,876","2,711","11,158","1,007",59,,
,,2011,"445,256","1,838",18,131,497,"1,192","15,117","2,769","11,407",941,74,,
,PEORIA,2010,,282,6,38,66,172,"4,630",867,"3,380",383,14,,
,,2011,"156,246",301,2,35,56,208,"4,774","1,088","3,360",326,6, ,
,PHOENIX ,2010,,"8,001",116,522,"3,250","4,113","61,415","15,626","38,012","7,777",320,,
,,2011,"1,466,097","8,089",116,559,"3,324","4,090","64,479","18,666","38,258","7,555",273,,
,SCOTTSDALE,2010,,353,4,33,100,216,"6,563","1,281","5,014",268,12,,
,,2011,"220,462",400,4,34,125,237,"6,724","1,424","5,054",246,25,,
,SURPRISE,2010,,106,0,13,35,58,"1,978",441,"1,438",99,27,,
,,2011,"119,181",131,0,12,51,68,"2,598",617,"1,873",108,22,,
,TEMPE     ,2010,,779,11,43,268,457,"8,472","1,416","6,412",644,42,,
,,2011,"164,008",787,5,45,237,500,"8,933","1,579","6,804",550,28,,
,TUCSON6,2010,,"3,331",51,158,"1,088","2,034",,"5,002",,"3,433",153,,
,,2011,"527,479","3,440",51,204,"1,163","2,022",,"4,979",,"2,746",167,,
ARKANSAS,LITTLE ROCK,2010,,"2,945",25,156,859,"1,905","14,833","4,248","9,465","1,120",100,,
,,2011,"194,988","2,905",37,161,858,"1,849","15,504","4,655","9,756","1,093",99,,
CALIFORNIA,ANAHEIM,2010,,"1,161",7,88,492,574,"8,473","1,594","5,869","1,010",47,,
,,2011,"340,218","1,281",15,105,446,715,"8,493","1,410","5,964","1,119",26,,
,ANTIOCH,2010,,864,13,32,313,506,"3,096","1,087","1,049",960,36,,
,,2011,"103,575",818,5,21,290,502,"3,873","1,335","1,571",967,56,,
,BAKERSFIELD,2010,,"2,104",33,34,641,"1,396","15,197","4,235","8,507","2,455",103,,
,,2011,"351,568","1,866",18,39,548,"1,261","14,840","4,321","8,123","2,396",125,,
,BERKELEY,2010,,533,5,23,365,140,"5,943","1,088","4,240",615,25,,
,,2011,"113,903",482,1,19,340,122,"5,064",976,"3,460",628,25,,
,BURBANK,2010,,221,0,13,98,110,"2,687",478,"1,933",276,8,,
,,2011,"104,555",191,1,17,68,105,"2,555",395,"1,926",234,11,,
,CARLSBAD,2010,,195,0,20,41,134,"1,820",399,"1,313",108,9,,
,,2011,"106,566",210,4,11,35,160,"1,970",468,"1,375",127,2,,
,CHULA VISTA,2010,,663,2,54,254,353,"5,124",760,"3,255","1,109",24,,
,,2011,"246,783",670,6,34,233,397,"5,007",807,"3,316",884,36,,
,CONCORD,2010,,551,4,28,167,352,"3,799",922,"2,128",749,6,,
,,2011,"123,502",430,7,19,167,237,"3,803",898,"2,268",637,9,,
,CORONA ,2010,,199,2,15,90,92,"3,536",650,"2,453",433,14,,
,,2011,"154,165",200,2,10,105,83,"3,354",705,"2,298",351,20,,
,COSTA MESA ,2010,,240,1,34,93,112,"3,194",458,"2,454",282,10,,
,,2011,"111,253",231,4,30,83,114,"3,534",524,"2,743",267,14,,
,DALY CITY,2010,,250,2,9,105,134,"1,804",332,"1,152",320,17,,
,,2011,"102,312",184,1,14,59,110,"1,880",322,"1,308",250,15,,
,DOWNEY,2010,,394,6,17,199,172,"3,956",656,"2,372",928,4,,
,,2011,"113,086",390,2,23,204,161,"3,876",769,"2,054","1,053",4,,
,EL CAJON,2010,,387,0,15,169,203,"2,766",552,"1,678",536,12,,
,,2011,"100,647",529,2,28,187,312,"2,468",603,"1,443",422,14,,
,ELK GROVE,2010,,529,2,14,108,405,"3,204",653,"2,208",343,15,,
,,2011,"154,814",523,3,18,98,404,"3,270",664,"2,282",324,14,,
,EL MONTE,2010,,600,3,27,265,305,"2,598",607,"1,194",797,13,,
,,2011,"114,809",421,1,33,196,191,"2,286",544,"1,136",606,6,,
,ESCONDIDO ,2010,,597,3,37,212,345,"4,033",743,"2,460",830,19,,
,,2011,"145,603",495,3,28,177,287,"3,210",557,"2,156",497,19,,
,FAIRFIELD,2010,,502,8,18,185,291,"3,395",757,"2,169",469,17,,
,,2011,"106,559",425,5,21,148,251,"2,974",572,"2,055",347,13,,
,FONTANA ,2010,,759,6,37,240,476,"3,681",804,"2,130",747,13,,
,,2011,"198,374",720,5,39,241,435,"4,235","1,041","2,411",783,9,,
,FREMONT ,2010,,488,3,40,189,256,"4,414","1,167","2,757",490,22,,
,,2011,"216,606",384,2,35,156,191,"3,952","1,206","2,303",443,19,,
,FRESNO,2010,,"3,034",45,70,"1,021","1,898","24,460","5,262","14,645","4,553",147,,
,,2011,"500,480","2,915",35,51,"1,020","1,809","25,421","5,713","14,928","4,780",136,,
,FULLERTON,2010,,425,3,26,145,251,"3,847",680,"2,825",342,22,,
,,2011,"136,750",306,2,25,104,175,"3,550",643,"2,548",359,11,,
,GARDEN GROVE,2010,,539,3,22,184,330,"3,590",810,"2,318",462,13,,
,,2011,"172,892",449,2,19,171,257,"3,387",717,"2,242",428,17,,
,GLENDALE,2010,,277,0,17,119,141,"3,717",642,"2,747",328,12,,
,,2011,"193,973",258,0,14,108,136,"3,452",623,"2,506",323,5,,
,HAYWARD,2010,,652,13,48,391,200,"3,753","1,097","1,649","1,007",55,,
,,2011,"145,881",579,7,44,360,168,"3,782",988,"1,693","1,101",16,,
,HUNTINGTON BEACH,2010,,449,2,32,109,306,"4,673",767,"3,621",285,28,,
,,2011,"192,226",406,4,34,108,260,"4,589",753,"3,584",252,20,,
,INGLEWOOD,2010,,843,20,32,381,410,"2,672",627,"1,342",703,16,,
,,2011,"110,962",808,13,33,343,419,"2,582",568,"1,459",555,32,,
,IRVINE,2010,,120,0,24,40,56,"2,798",480,"2,197",121,23,,
,,2011,"214,872",120,2,11,40,67,"3,280",513,"2,649",118,17,,
,LANCASTER,2010,,900,7,60,255,578,"3,411","1,033","1,939",439,44,,
,,2011,"158,474",851,4,42,273,532,"3,216",986,"1,843",387,35,,
,LONG BEACH ,2010,,"2,720",32,134,"1,202","1,352","11,642","2,929","6,524","2,189",79,,
,,2011,"467,691","2,857",25,112,"1,320","1,400","12,816","3,275","7,329","2,212",103,,
,LOS ANGELES,2010,,"21,484",293,923,"10,924","9,344","89,704","17,410","55,248","17,046","1,341",,
,,2011,"3,837,207","20,045",297,828,"10,077","8,843","86,330","17,264","53,469","15,597","1,376",,
,MODESTO ,2010,,"1,398",10,62,427,899,"9,383","2,171","5,786","1,426",56,,
,,2011,"203,530","1,413",14,67,425,907,"8,894","2,121","5,410","1,363",56,,
,MORENO VALLEY,2010,,724,15,33,373,303,"5,222","1,843","2,595",784,10,,
,,2011,"195,638",732,7,32,330,363,"5,762","2,095","2,767",900,3,,
,MURRIETA,2010,,99,1,10,33,55,"1,407",429,852,126,6,,
, ,2011,"104,682",105,2,13,34,56,"1,495",348,"1,031",116,10,,
,NORWALK ,2010,,449,4,14,159,272,"2,072",438,"1,040",594,13,,
,,2011,"106,790",371,5,10,138,218,"2,274",476,"1,156",642,21,,
,OAKLAND,2010,,"6,267",90,318,"2,917","2,942","17,325","4,961","7,720","4,644",163,,
,,2011,"395,317","6,652",104,202,"3,365","2,981","20,904","5,170","9,429","6,305",138,,
,OCEANSIDE,2010,,650,4,47,177,422,"3,909",765,"2,799",345,25,,
,,2011,"169,050",620,7,58,181,374,"3,849",792,"2,704",353,22,,
,ONTARIO,2010,,630,3,48,237,342,"4,918",850,"3,170",898,32,,
,,2011,"165,851",493,6,27,209,251,"4,858",939,"3,057",862,22,,
,ORANGE,2010,,150,3,3,56,88,"2,569",404,"1,944",221,13,,
,,2011,"138,020",157,3,6,82,66,"2,652",445,"2,001",206,9,,
,OXNARD ,2010,,691,8,19,329,335,"4,018",785,"2,760",473,21,,
,,2011,"200,225",619,8,26,274,311,"3,499",577,"2,563",359,26,,
,PALMDALE,2010,,832,8,41,261,522,"3,334",959,"1,890",485,35,,
,,2011,"154,546",785,9,38,246,492,"3,273",959,"1,906",408,29,,
,PASADENA,2010,,554,3,21,189,341,"4,074",832,"2,864",378,13,,
,,2011,"138,734",435,7,26,178,224,"3,672","1,011","2,382",279,25,,
,POMONA,2010,,877,16,37,323,501,"4,504",867,"2,406","1,231",16,,
,,2011,"150,810",927,11,54,339,523,"4,444",890,"2,578",976,17,,
,RANCHO CUCAMONGA ,2010,,340,2,14,111,213,"3,703",879,"2,505",319,13,,
,,2011,"167,212",293,6,13,103,171,"3,915","1,173","2,381",361,11,,
,RIALTO,2010,,497,7,32,193,265,"2,565",721,"1,338",506,10,,
,,2011,"100,337",480,6,18,204,252,"2,978",934,"1,524",520,21,,
,RICHMOND,2010,,"1,176",21,44,405,706,"4,623","1,521","1,506","1,596",51,,
,,2011,"104,920","1,035",26,39,303,667,"4,546","1,651","1,533","1,362",32,,
,RIVERSIDE,2010,,"1,448",9,78,502,859,"9,963","2,068","6,434","1,461",49,,
,,2011,"307,443","1,310",13,57,458,782,"9,631","2,080","6,278","1,273",49,,
,ROSEVILLE,2010,,334,1,17,87,229,"3,802",542,"3,029",231,6,,
,,2011,"120,184",248,1,24,43,180,"3,541",534,"2,786",221,11,,
,SACRAMENTO,2010,,"4,112",33,165,"1,491","2,423","20,200","5,027","11,179","3,994",202,,
,,2011,"471,972","3,354",36,134,"1,162","2,022","18,563","4,141","11,087","3,335",146,,
,SALINAS,2010,,"1,162",19,23,365,755,"4,648","1,358","2,437",853,23,,
,,2011,"152,210","1,115",15,34,374,692,"4,492","1,140","2,189","1,163",22,,
,SAN BERNARDINO ,2010,,"1,624",31,66,632,895,"8,967","2,318","4,928","1,721",61,,
,,2011,"212,392","1,861",30,77,720,"1,034","8,461","2,359","4,446","1,656",60,,
,SAN DIEGO,2010,,"5,616",29,300,"1,636","3,651","30,753","6,387","17,977","6,389",155,,
,,2011,"1,316,919","5,104",38,293,"1,456","3,317","29,709","5,840","17,610","6,259",153,,
,SAN FRANCISCO,2010,,"5,747",48,133,"3,180","2,386","32,365","4,557","23,905","3,903",156,,
,,2011,"814,701","5,374",50,131,"3,088","2,105","32,886","4,408","24,304","4,174",161,,
,SAN JOSE   ,2010,,"3,215",20,253,976,"1,966","22,081","3,940","12,730","5,411",181,,
,,2011,"957,062","3,206",39,226,"1,101","1,840","21,972","4,223","12,628","5,121",165,,
,SANTA ANA,2010,,"1,510",28,88,719,675,"6,580","1,116","4,189","1,275",139,,
,,2011,"328,343","1,313",13,62,591,647,"6,575","1,067","4,222","1,286",101,,
,SANTA CLARA,2010,,182,2,7,62,111,"3,016",481,"2,210",325,16,,
,,2011,"117,837",177,2,14,67,94,"2,933",409,"2,202",322,20,,
,SANTA CLARITA,2010,,375,1,21,123,230,"2,670",574,"1,853",243,18,,
,,2011,"178,393",262,5,18,76,163,"2,568",567,"1,766",235,19,,
,SANTA MARIA,2010,,771,3,32,152,584,"2,319",506,"1,496",317,8,,
,,2011,"100,723",716,7,18,153,538,"2,429",655,"1,510",264,9,,
,SANTA ROSA,2010,,767,2,56,166,543,"4,096",757,"3,041",298,9,,
,,2011,"169,788",682,5,58,134,485,"3,706",637,"2,794",275,16,,
,SIMI VALLEY,2010,,129,1,14,37,77,"2,209",388,"1,687",134,6,,
,,2011,"125,698",116,0,9,41,66,"1,697",314,"1,278",105,14,,
,STOCKTON,2010,,"4,033",49,107,"1,413","2,464","16,177","4,482","9,654","2,041",62,,
,,2011,"295,136","4,155",58,90,"1,323","2,684","15,463","4,133","9,651","1,679",86,,
,SUNNYVALE,2010,,169,0,26,59,84,"2,227",407,"1,574",246,51,,
,,2011,"141,728",150,3,21,68,58,"1,970",393,"1,351",226,14,,
,TEMECULA,2010,,74,2,3,42,27,"2,351",535,"1,642",174,5,,
,,2011,"101,274",95,0,7,54,34,"2,406",547,"1,700",159,0,,
,THOUSAND OAKS,2010,,139,1,16,50,72,"2,036",358,"1,606",72,9,,
,,2011,"128,172",137,1,10,34,92,"1,788",319,"1,409",60,12,,
,TORRANCE,2010,,290,4,19,152,115,"2,859",516,"2,008",335,21,,
,,2011,"147,148",185,2,17,91,75,"2,767",509,"1,957",301,11,,
,VALLEJO,2010,,822,17,59,458,288,"5,101","2,249","1,675","1,177",35,,
,,2011,"117,305",903,18,53,435,397,"5,244","2,468","1,716","1,060",46,,
,VENTURA,2010,,263,3,16,108,136,"3,458",652,"2,654",152,7,,
,,2011,"107,684",326,1,20,135,170,"3,320",657,"2,468",195,5,,
,VICTORVILLE,2010,,681,6,38,256,381,"3,674","1,274","1,964",436,26,,
,,2011,"117,266",686,6,37,261,382,"3,931","1,359","2,086",486,26,,
,VISALIA,2010,,578,6,26,176,370,"5,334","1,237","3,497",600,8,,
,,2011,"125,905",483,5,40,95,343,"5,121","1,110","3,466",545,8,,
,WEST COVINA,2010,,318,0,19,120,179,"2,979",531,"1,854",594,2,,
,,2011,"107,345",280,1,20,124,135,"3,249",526,"2,212",511,1,,
COLORADO,ARVADA,2010,,136,1,30,28,77,"2,719",387,"2,125",207,14,,
,,2011,"108,287",162,1,25,34,102,"2,545",304,"2,052",189,29,,
,AURORA,2010,,"1,449",24,181,507,737,"10,056","2,291","6,875",890,68,,
,,2011,"330,740","1,452",12,185,504,751,"9,913","2,149","6,896",868,87,,
,BOULDER,2010,,210,4,33,29,144,"2,722",477,"2,155",90,56,,
,,2011,"99,081",276,2,35,36,203,"2,494",467,"1,904",123,55,,
,CENTENNIAL,2010,,160,0,19,26,115,"1,456",274,"1,122",60,9,,
,,2011,"102,125",162,0,27,23,112,"1,354",325,958,71,20,,
,COLORADO SPRINGS,2010,,"1,961",20,323,526,"1,092","16,793","3,452","12,053","1,288",99,,
,,2011,"423,680","1,875",28,325,451,"1,071","15,922","3,322","11,425","1,175",104,,
,DENVER,2010,,"3,387",28,371,943,"2,045","20,686","4,505","12,951","3,230",130,,
,,2011,"610,612","3,705",33,393,"1,143","2,136","22,515","4,871","14,055","3,589",95,,
,FORT COLLINS,2010,,439,0,61,50,328,"4,553",643,"3,708",202,36,,
,,2011,"146,494",413,3,56,45,309,"4,248",556,"3,535",157,15,,
,LAKEWOOD,2010,,618,0,96,137,385,"5,975",949,"4,505",521,18,,
,,2011,"145,470",614,8,88,132,386,"6,178",930,"4,761",487,15,,
,PUEBLO3,2010,,886,1,33,155,697,"4,998","1,623","2,923",452,50,,
,,2011,"108,452",832,11,40,174,607,"5,473","1,584","3,422",467,49,,
,"THORNTON3,6",2010,,,5,42,55,,"3,625",555,"2,766",304,18,,
,,2011,"120,841",695,0,50,50,595,"3,438",513,"2,644",281,25,,
,WESTMINSTER,2010,,233,1,34,47,151,"3,272",533,"2,413",326,12,,
,,2011,"107,962",239,4,34,48,153,"2,800",397,"2,074",329,13,,
CONNECTICUT,BRIDGEPORT,2010,,"1,412",22,57,561,772,"4,683","1,448","2,377",858,20,,
,,2011,"144,496","1,447",20,116,610,701,"5,607","1,540","3,025","1,042",24,,
,HARTFORD,2010,,"1,624",26,46,570,982,"5,495","1,019","3,639",837,95,,
,,2011,"125,006","1,639",27,55,602,955,"5,502","1,271","3,372",859,91,,
,NEW HAVEN,2010,,"1,994",23,70,787,"1,114","7,250","1,400","4,836","1,014",17,,
,,2011,"130,019","1,744",34,55,765,890,"6,441","1,401","4,100",940,17,,
,STAMFORD,2010,,351,2,19,152,178,"1,979",349,"1,438",192,10,,
,,2011,"122,870",389,6,32,190,161,"1,987",282,"1,498",207,4,,
,WATERBURY,2010,,366,5,6,176,179,"4,646",781,"3,441",424,3,,
,,2011,"110,570",359,7,9,183,160,"4,571",818,"3,326",427,3,,
DISTRICT OF COLUMBIA,WASHINGTON,2010,,"7,468",132,184,"3,914","3,238","27,138","4,224","18,050","4,864",49,,
,,2011,"617,996","6,985",108,172,"3,756","2,949","28,312","3,849","20,124","4,339",61,,
FLORIDA,CAPE CORAL,2010,,276,3,23,64,186,"3,787","1,083","2,595",109,9,,
,,2011,"156,408",235,3,14,58,160,"3,990","1,023","2,855",112,13,,
,CLEARWATER,2010,,775,5,35,245,490,"4,338",777,"3,360",201,12,,
,,2011,"109,153",801,10,40,182,569,"4,129",719,"3,252",158,15,,
,CORAL SPRINGS,2010,,261,1,8,78,174,"2,884",517,"2,192",175,4,,
,,2011,"122,746",236,1,4,90,141,"3,035",633,"2,238",164,0,,
,FORT LAUDERDALE,2010,,"1,356",7,73,627,649,"9,914","2,841","6,437",636,44,,
,,2011,"167,777","1,565",12,91,771,691,"10,192","3,102","6,489",601,44,,
,GAINESVILLE,2010,,906,4,86,199,617,"5,404","1,213","3,859",332,22,,
,,2011,"126,049",912,6,82,184,640,"5,356","1,063","4,003",290,3,,
,HIALEAH,2010,,951,12,40,256,643,"7,858","1,098","5,693","1,067",14,,
,,2011,"227,731",860,4,31,253,572,"7,493","1,069","5,473",951,17,,
,HOLLYWOOD ,2010,,596,7,40,237,312,"7,265","1,833","4,797",635,8,,
,,2011,"142,686",660,4,47,269,340,"7,789","2,054","5,163",572,9,,
,JACKSONVILLE,2010,,"5,469",80,316,"1,693","3,380","37,424","9,588","25,863","1,973",99,,
,,2011,"834,429","5,182",71,350,"1,578","3,183","36,113","8,518","25,733","1,862",108,,
,MIAMI,2010,,"4,879",68,46,"1,856","2,909","21,218","4,604","14,165","2,449",104,,
,,2011,"404,901","4,849",68,96,"2,002","2,683","22,921","5,141","15,080","2,700",124,,
,MIAMI GARDENS,2010,,"1,061",22,25,351,663,"5,410","1,321","3,515",574,12,,
,,2011,"108,628",999,24,19,413,543,"5,397","1,485","3,270",642,26,,
,MIRAMAR,2010,,540,9,34,170,327,"3,651","1,262","2,099",290,13,,
,,2011,"123,704",514,4,40,192,278,"3,208",981,"1,969",258,9,,
,ORLANDO,2010,,"2,574",18,113,672,"1,771","15,565","4,015","10,357","1,193",42,,
,,2011,"241,548","2,591",29,119,697,"1,746","17,145","4,165","11,669","1,311",45,,
,PALM BAY,2010,,521,4,19,60,438,"2,460",740,"1,622",98,10,,
,,2011,"104,596",601,2,22,97,480,"2,739",808,"1,786",145,19,,
,PEMBROKE PINES ,2010,,276,4,12,92,168,"5,026","1,102","3,619",305,5,,
,,2011,"156,859",310,4,28,119,159,"4,944","1,059","3,591",294,11,,
,POMPANO BEACH,2010,,992,7,50,364,571,"4,997","1,101","3,529",367,10,,
,,2011,"101,206",917,5,41,343,528,"5,524","1,343","3,852",329,9,,
,PORT ST. LUCIE,2010,,386,3,45,49,289,"3,212",909,"2,224",79,9,,
,,2011,"166,846",371,6,30,61,274,"3,861","1,128","2,590",143,11,,
,ST. PETERSBURG,2010,,"2,758",13,105,752,"1,888","13,815","3,564","9,015","1,236",90,,
,,2011,"248,105","2,532",21,90,720,"1,701","12,803","3,412","8,544",847,65,,
,TALLAHASSEE ,2010,,"1,802",13,130,492,"1,167","8,579","2,920","5,310",349,21,,
,,2011,"183,848","1,661",10,107,511,"1,033","9,363","3,252","5,748",363,20,,
,TAMPA ,2010,,"2,170",27,47,684,"1,412","11,453","3,131","7,484",838,107,,
,,2011,"340,284","2,228",28,58,587,"1,555","10,393","2,718","7,042",633,102,,
,WEST PALM BEACH,2010,,789,19,49,264,457,"5,052","1,246","3,415",391,17,,
,,2011,"101,281",769,14,48,235,472,"5,383","1,354","3,685",344,13,,
GEORGIA,ATHENS-CLARKE COUNTY,2010,,371,5,28,111,227,"4,933","1,334","3,301",298,15,,
,,2011,"117,114",418,6,31,132,249,"4,875","1,359","3,273",243,23,,
,ATLANTA,2010,,"5,749",93,89,"2,162","3,405","30,800","8,016","17,741","5,043",95,,
,,2011,"425,533","6,097",88,148,"2,343","3,518","30,144","7,499","17,274","5,371",121,,
,COLUMBUS,2010,,"1,005",15,38,477,475,"13,442","3,454","8,981","1,007",65,,
,,2011,"192,385",932,14,40,413,465,"12,450","3,342","8,059","1,049",39,,
,SAVANNAH-CHATHAM METROPOLITAN,2010,,843,20,30,454,339,"9,202","2,552","6,026",624,43,,
,,2011,"226,422",889,26,36,488,339,"9,579","2,241","6,608",730,37,,
IDAHO,BOISE  ,2010,,544,3,93,58,390,"5,740",892,"4,688",160,50,,
,,2011,"207,945",510,1,66,59,384,"5,328",809,"4,347",172,53,,
ILLINOIS,AURORA,2010,,634,4,64,113,453,"3,767",820,"2,809",138,31,,
,,2011,"198,495",636,2,58,158,418,"3,821",947,"2,740",134,20,,
,CHICAGO7,2010,,,432,,"14,213","13,757","120,045","26,203","74,764","19,078",,,
,,2011,"2,703,713",,430,,"13,975","12,408","118,239","26,420","72,373","19,446",,,
,ELGIN,2010,,355,4,86,99,166,"2,186",425,"1,653",108,7,,
,,2011,"108,514",287,5,78,82,122,"2,068",555,"1,425",88,6,,
,JOLIET,2010,,543,11,31,126,375,"4,190",957,"3,058",175,25,,
,,2011,"147,877",517,8,30,87,392,"3,861",939,"2,751",171,51,,
,NAPERVILLE,2010,,126,0,14,13,99,"2,065",219,"1,786",60,7,,
,,2011,"142,280",112,2,4,24,82,"2,110",300,"1,768",42,8,,
,PEORIA,2010,,879,23,31,306,519,"5,163","1,460","3,436",267,61,,
,,2011,"115,353",814,16,33,288,477,"5,438","1,721","3,460",257,65,,
,ROCKFORD,2010,,"2,283",23,116,496,"1,648","7,835","2,380","5,017",438,90,,
,,2011,"153,331","2,098",21,112,565,"1,400","7,111","1,887","4,738",486,69,,
,SPRINGFIELD,2010,,"1,452",7,104,338,"1,003","7,567","2,167","5,160",240,57,,
,,2011,"116,600","1,278",8,103,258,909,"7,175","1,883","5,075",217,68,,
INDIANA,EVANSVILLE,2010,,493,5,63,143,282,"5,544","1,086","4,248",210,68,,
,,2011,"118,029",491,3,56,154,278,"5,456","1,074","4,151",231,88,,
,FORT WAYNE3,2010,,746,23,96,314,313,"8,860","2,140","6,433",287,50,,
,,2011,"254,987",779,18,94,310,357,"9,036","1,888","6,768",380,41,,
,SOUTH BEND,2010,,746,6,52,339,349,"5,929","2,216","3,411",302,51,,
,,2011,"101,685",744,9,60,406,269,"6,096","2,335","3,437",324,43,,
IOWA,CEDAR RAPIDS,2010,,386,2,38,123,223,"4,985","1,028","3,716",241,11,,
, ,2011,"126,988",358,2,41,86,229,"4,879","1,099","3,566",214,17,,
,DAVENPORT3,2010,,868,2,61,209,596,"4,913","1,152","3,535",226,24,,
,,2011,"100,207",652,5,53,113,481,"4,908","1,140","3,529",239,24,,
,DES MOINES,2010,,"1,084",5,118,224,737,"9,813","2,249","6,823",741,43,,
, ,2011,"204,498","1,069",8,103,216,742,"10,727","2,493","7,400",834,44,,
KANSAS,KANSAS CITY3,2010,,823,25,62,289,447,"7,735","1,922","4,684","1,129",,,
,,2011,"146,712",947,27,95,291,534,"7,883","1,827","4,792","1,264",,,
,OLATHE,2010,,216,4,41,28,143,"2,307",243,"1,922",142,19,,
,,2011,"126,671",226,6,48,20,152,"2,204",259,"1,774",171,19,,
,OVERLAND PARK,2010,,289,0,40,36,213,"4,185",491,"3,389",305,38,,
,,2011,"174,473",289,2,60,38,189,"4,015",468,"3,237",310,38,,
,TOPEKA,2010,,697,14,51,222,410,"7,506","1,598","5,404",504,14,,
,,2011,"128,283",698,15,53,235,395,"7,529","1,727","5,213",589,,,
,WICHITA ,2010,,"3,038",16,251,481,"2,290","18,300","4,248","12,515","1,537",129,,
,,2011,"384,796","2,950",25,238,490,"2,197","19,456","4,005","13,550","1,901",139,,
KENTUCKY,LEXINGTON3,2010,,"1,724",18,87,593,"1,026","11,024","2,679","7,704",641,39,,
,,2011,"297,847","1,358",14,105,496,743,"12,418","2,722","9,026",670,30,,
,LOUISVILLE METRO,2010,,"3,734",52,229,"1,603","1,850","29,551","7,571","20,005","1,975",223,,
,,2011,"665,152","4,086",48,230,"1,642","2,166","31,991","8,147","21,569","2,275",237,,
LOUISIANA,BATON ROUGE,2010,,"2,534",69,51,948,"1,466","12,465","3,963","7,812",690,173,,
,,2011,"231,592","2,468",64,51,893,"1,460","12,666","4,220","7,946",500,179,,
,LAFAYETTE,2010,,940,12,20,240,668,"6,989","1,432","5,267",290,26,,
,,2011,"121,726",843,6,15,232,590,"6,511","1,194","5,040",277,,,
,NEW ORLEANS,2010,,"2,593",175,144,953,"1,321","12,645","3,695","6,540","2,410",,,
,,2011,"346,974","2,748",200,163,"1,059","1,326","14,013","3,857","7,616","2,540",,,
,SHREVEPORT,2010,,"1,533",26,121,355,"1,031","9,459","2,616","6,317",526,99,,
,,2011,"201,134","1,544",17,121,355,"1,051","9,584","2,775","6,371",438,86,,
MARYLAND,BALTIMORE,2010,,"9,316",223,265,"3,336","5,492","28,280","7,573","16,298","4,409",321,,
,,2011,"626,848","8,885",196,341,"3,457","4,891","29,824","8,615","17,010","4,199",307,,
MASSACHUSETTS,BOSTON,2010,,"5,819",73,256,"1,926","3,564","20,628","3,587","15,004","2,037",,,
,,2011,"621,359","5,252",63,271,"1,904","3,014","19,445","3,482","14,064","1,899",,,
,CAMBRIDGE,2010,,476,0,22,171,283,"3,232",483,"2,569",180,8,,
,,2011,"105,803",478,5,24,152,297,"3,158",539,"2,464",155,8,,
,LOWELL,2010,,"1,202",3,51,197,951,"3,578",886,"2,286",406,27,,
,,2011,"107,167",795,3,36,168,588,"3,101",914,"1,941",246,33,,
,SPRINGFIELD,2010,,"2,093",17,130,588,"1,358","7,556","2,660","4,023",873,66,,
,,2011,"153,993","1,575",20,30,530,995,"7,340","2,497","4,052",791,55,,
,WORCESTER,2010,,"1,762",7,34,368,"1,353","6,193","1,910","3,690",593,10,,
,,2011,"182,145","1,795",11,31,411,"1,342","6,073","2,064","3,480",529,10,,
MICHIGAN,ANN ARBOR,2010,,286,0,44,76,166,"2,944",525,"2,290",129,23,,
,,2011,"113,848",261,0,36,59,166,"2,549",534,"1,918",97,11,,
,DETROIT,2010,,"16,973",310,403,"5,539","10,721","47,809","17,078","18,127","12,604","1,082",,
,,2011,"713,239","15,245",344,427,"4,962","9,512","43,818","15,994","16,456","11,368",957,,
,FLINT,2010,,"2,412",53,92,670,"1,597","6,235","3,646","1,936",653,343,,
,,2011,"102,357","2,392",52,85,607,"1,648","6,618","3,628","2,220",770,287,,
,GRAND RAPIDS,2010,,"1,645",9,90,521,"1,025","7,760","2,771","4,609",380,100,,
,,2011,"187,898","1,395",10,81,464,840,"6,174","1,952","3,897",325,71,,
,LANSING,2010,,"1,240",10,103,264,863,"4,214","1,414","2,556",244,35,,
,,2011,"114,211","1,169",8,90,275,796,"4,287","1,650","2,397",240,24,,
,STERLING HEIGHTS3,2010,,199,1,32,35,131,"2,417",363,"1,934",120,9,,
,,2011,"129,601",203,1,11,31,160,"2,671",451,"2,047",173,6,,
,WARREN,2010,,769,6,69,172,522,"3,703",953,"2,035",715,35,,
,,2011,"133,955",719,6,73,156,484,"3,853","1,070","1,975",808,47,,
MINNESOTA,MINNEAPOLIS,2010,,"4,064",37,438,"1,596","1,993","18,299","4,787","11,609","1,903",116,,
,,2011,"385,531","3,722",32,386,"1,589","1,715","19,190","5,104","12,311","1,775",140,,
,ROCHESTER7,2010,,,1,,58,123,"2,429",399,"1,925",105,24,,
,,2011,"107,593",,1,,65,102,"2,323",425,"1,809",89,20,,
,ST. PAUL,2010,,"2,112",16,183,665,"1,248","11,756","2,883","6,820","2,053",131,,
,,2011,"287,665","1,885",8,169,604,"1,104","11,932","3,197","6,890","1,845",106,,
MISSISSIPPI,JACKSON,2010,,"1,718",41,101,"1,086",490,"13,250","4,818","6,877","1,555",83,,
,,2011,"174,170","1,620",52,126,808,634,"12,811","4,722","6,632","1,457",86,,
MISSOURI,COLUMBIA,2010,,530,3,37,131,359,"3,816",552,"3,129",135,7,,
,,2011,"108,894",582,2,37,166,377,"4,263",798,"3,323",142,16,,
,INDEPENDENCE3,2010,,484,8,43,123,310,"7,223","1,246","5,242",735,22,,
,,2011,"117,255",499,2,45,110,342,"6,691","1,178","4,785",728,26,,
,KANSAS CITY3,2010,,"5,643",102,241,"1,671","3,629","27,198","7,187","16,772","3,239",345,,
,,2011,"461,458","5,536",108,265,"1,665","3,498","25,545","6,848","15,305","3,392",302,,
,SPRINGFIELD,2010,,"1,328",11,120,310,887,"15,216","2,188","12,024","1,004",59,,
,,2011,"160,078","1,306",5,110,286,905,"14,418","2,053","11,391",974,47,,
,ST. LOUIS,2010,,"6,205",144,188,"2,125","3,748","27,324","6,705","16,356","4,263",250,,
,,2011,"320,454","5,950",113,188,"2,127","3,522","25,669","7,015","15,285","3,369",191,,
MONTANA,BILLINGS3,2010,,283,2,25,42,214,"5,023",848,"3,813",362,14,,
,,2011,"105,095",313,2,36,36,239,"4,688",669,"3,686",333,9,,
NEBRASKA,LINCOLN,2010,,"1,258",2,143,182,931,"10,218","1,464","8,406",348,,,
,,2011,"260,685",966,4,166,177,619,"10,189","1,401","8,424",364,25,,
,OMAHA,2010,,"2,274",34,205,723,"1,312","17,334","3,046","12,091","2,197",119,,
,,2011,"412,608","2,309",43,220,696,"1,350","18,764","3,321","12,793","2,650",91,,
NEVADA,HENDERSON,2010,,543,8,35,189,311,"5,196","1,280","3,406",510,43,,
,,2011,"259,902",571,2,58,197,314,"4,777","1,280","3,069",428,44,,
,"LAS VEGAS METROPOLITAN 
  POLICE DEPARTMENT     ",2010,,"12,648",107,652,"4,003","7,886","43,219","13,824","22,231","7,164",240,,
,,2011,"1,458,474","10,810",79,651,"3,493","6,587","41,426","12,662","21,977","6,787",200,,
,RENO,2010,,"1,168",9,46,385,728,"7,468","1,638","5,101",729,29,,
,,2011,"227,120","1,108",14,27,383,684,"6,550","1,618","4,311",621,26,,
NEW HAMPSHIRE,MANCHESTER,2010,,544,1,62,154,327,"3,754",907,"2,687",160,59,,
,,2011,"109,708",618,2,69,181,366,"4,194",902,"3,136",156,70,,
NEW JERSEY,EDISON TOWNSHIP,2010,,141,2,5,52,82,"1,709",334,"1,220",155,11,,
,,2011,"100,300",142,2,9,65,66,"1,832",343,"1,279",210,12,,
,ELIZABETH,2010,,"1,392",13,42,760,577,"4,734",924,"2,665","1,145",12,,
,,2011,"125,386","1,315",17,38,723,537,"5,099","1,162","2,641","1,296",17,,
,JERSEY CITY,2010,,"1,830",26,44,943,817,"5,992","1,523","3,662",807,51,,
,,2011,"248,423","1,906",18,49,961,878,"5,701","1,402","3,439",860,33,,
,NEWARK,2010,,"2,885",90,79,"1,604","1,112","9,209","1,928","3,661","3,620",51,,
,,2011,"278,064","3,243",94,58,"1,977","1,114","10,016","2,396","3,921","3,699",50,,
,PATERSON,2010,,"1,565",17,44,769,735,"4,521","1,491","2,329",701,15,,
,,2011,"146,685","1,490",17,39,751,683,"4,732","1,790","1,888","1,054",5,,
NEW MEXICO,ALBUQUERQUE,2010,,"4,291",42,338,940,"2,971","26,372","5,465","18,134","2,773",121,,
,,2011,"551,961","4,207",35,264,998,"2,910","27,976","5,985","19,168","2,823",133,,
NEW YORK,AMHERST TOWN,2010,,119,2,8,33,76,"2,066",218,"1,801",47,7,,
,,2011,"117,610",124,0,7,41,76,"2,004",221,"1,736",47,2,,
,BUFFALO3,2010,,"3,599",55,157,"1,466","1,921","14,753","4,296","9,027","1,430",90,,
,,2011,"262,484","3,250",36,121,"1,459","1,634","14,309","4,475","8,711","1,123",347,,
,NEW YORK,2010,,"48,489",536,"1,036","19,608","27,309","139,615","17,926","111,370","10,319",,,
,,2011,"8,211,875","51,209",515,"1,092","19,773","29,829","140,457","18,159","112,864","9,434",,,
,ROCHESTER,2010,,"2,229",41,99,816,"1,273","11,820","3,448","7,620",752,176,,
,,2011,"211,511","2,029",31,95,755,"1,148","10,934","3,384","6,849",701,177,,
,SYRACUSE,2010,,"1,291",15,68,377,831,"5,708","2,174","3,167",367,54,,
,,2011,"145,822","1,302",11,63,388,840,"5,275","1,705","3,261",309,60,,
,YONKERS,2010,,895,9,29,455,402,"2,851",521,"2,086",244,27,,
,,2011,"196,857","1,090",7,36,473,574,"3,063",759,"2,015",289,15,,
NORTH CAROLINA,CARY,2010,,120,1,14,35,70,"2,179",535,"1,580",64,2,,
,,2011,"136,949",126,1,14,54,57,"2,336",415,"1,847",74,9,,
,CHARLOTTE-MECKLENBURG,2010,,"4,891",61,239,"1,795","2,796","34,701","9,325","22,711","2,665",247,,
,,2011,"789,478","4,787",56,218,"1,612","2,901","32,008","8,536","21,371","2,101",195,,
,DURHAM,2010,,"1,614",23,60,659,872,"11,357","3,652","6,987",718,28,,
,,2011,"231,225","1,707",27,64,699,917,"11,270","3,874","6,768",628,23,,
,FAYETTEVILLE,2010,,"1,101",17,57,461,566,"12,566","3,928","7,916",722,53,,
,,2011,"203,107","1,050",25,56,495,474,"12,972","4,204","8,088",680,51,,
,HIGH POINT,2010,,608,2,28,220,358,"4,879","1,313","3,346",220,36,,
,,2011,"105,695",600,3,25,200,372,"5,057","1,266","3,550",241,24,,
,RALEIGH,2010,,"1,740",14,99,643,984,"12,995","3,021","9,104",870,63,,
,,2011,"409,014","1,724",17,127,680,900,"13,242","2,985","9,343",914,84,,
,WILMINGTON,2010,,724,5,47,282,390,"5,706","1,447","3,781",478,13,,
,,2011,"107,826",662,10,32,254,366,"5,708","1,454","3,843",411,23,,
,WINSTON-SALEM,2010,,"1,517",11,96,449,961,"13,349","4,482","8,225",642,105,,
,,2011,"232,529","1,565",14,93,444,"1,014","13,874","4,680","8,522",672,60,,
NORTH DAKOTA,FARGO,2010,,302,0,44,35,223,"2,764",392,"2,205",167,14,,
,,2011,"107,329",383,1,41,47,294,"2,662",419,"2,115",128,13,,
OHIO,AKRON,2010,,"1,675",23,164,602,886,"10,947","4,262","5,933",752,108,,
,,2011,"199,256","1,768",27,164,717,860,"10,806","4,258","5,744",804,94,,
,CINCINNATI,2010,,"3,615",68,236,"2,117","1,194","20,600","6,515","12,466","1,619",199,,
,,2011,"297,160","3,057",61,177,"1,771","1,048","20,369","6,649","12,450","1,270",328,,
,CLEVELAND,2010,,"5,529",81,344,"3,181","1,923","23,512","9,871","10,131","3,510",379,,
,,2011,"397,106","5,413",59,352,"3,155","1,847","25,288","10,697","10,502","4,089",318,,
,COLUMBUS,2010,,"5,472",95,574,"3,369","1,434","50,323","15,258","30,906","4,159",,,
,,2011,"787,609","5,185",87,565,"3,244","1,289","49,043","15,169","30,259","3,615",,,
,DAYTON,2010,,"1,511",34,93,782,602,"8,945","3,390","4,882",673,207,,
,,2011,"141,631","1,355",33,98,638,586,"8,323","3,121","4,569",633,149,,
,TOLEDO6,2010,,"2,854",23,140,"1,097","1,594",,"7,287",,"1,197",492,,
,,2011,"287,418","2,868",30,124,"1,152","1,562",,"8,366",,"1,465",509,,
OKLAHOMA,NORMAN,2010,,138,2,47,36,53,"3,551",811,"2,628",112,6,,
,,2011,"112,112",191,2,67,51,71,"3,480",677,"2,656",147,23,,
,OKLAHOMA CITY,2010,,"5,304",54,340,"1,112","3,798","33,263","9,901","19,760","3,602",119,,
,,2011,"586,208","5,108",58,277,"1,232","3,541","34,113","9,855","20,199","4,059",91,,
,TULSA,2010,,"4,304",54,252,"1,381","2,617","21,355","7,146","11,857","2,352",248,,
,,2011,"396,101","3,960",49,266,"1,090","2,555","21,923","7,353","12,136","2,434",259,,
OREGON,EUGENE3,2010,,416,0,80,168,168,"7,028","1,293","5,136",599,98,,
,,2011,"157,848",460,0,78,177,205,"7,878","1,440","5,862",576,63,,
,GRESHAM3,2010,,470,7,42,176,245,"4,055",674,"2,714",667,33,,
,,2011,"106,718",416,1,31,172,212,"4,311",751,"2,943",617,26,,
,PORTLAND3,2010,,"3,051",22,230,"1,005","1,794","28,391","4,120","21,026","3,245",214,,
,,2011,"589,991","3,037",20,258,917,"1,842","30,022","4,303","22,494","3,225",308,,
,SALEM,2010,,497,1,52,121,323,"6,108",876,"4,803",429,37,,
,,2011,"156,283",519,3,32,119,365,"5,960",891,"4,641",428,37,,
PENNSYLVANIA,ALLENTOWN,2010,,732,9,67,460,196,"5,089","1,327","3,345",417,29,,
,,2011,"118,408",647,10,61,339,237,"4,575","1,101","3,041",433,19,,
,ERIE,2010,,490,11,78,173,228,"3,490","1,106","2,245",139,46,,
,,2011,"102,111",431,6,77,150,198,"3,738","1,233","2,404",101,32,,
,PHILADELPHIA,2010,,"18,535",306,945,"8,363","8,921","57,788","10,796","39,924","7,068",,,
,,2011,"1,530,873","18,268",324,833,"8,246","8,865","59,617","12,057","40,113","7,447",,,
,PITTSBURGH,2010,,"2,810",55,66,"1,190","1,499","11,284","2,949","7,678",657,154,,
,,2011,"308,609","2,476",44,67,"1,126","1,239","10,063","2,686","6,897",480,195,,
SOUTH CAROLINA,CHARLESTON,2010,,427,10,18,149,250,"3,946",590,"3,137",219,3,,
,,2011,"121,481",398,11,30,162,195,"3,747",530,"2,948",269,6,,
SOUTH DAKOTA,SIOUX FALLS,2010,,487,5,100,55,327,"4,878",993,"3,653",232,24,,
,,2011,"155,760",437,5,105,75,252,"4,695",877,"3,546",272,60,,
TENNESSEE,CHATTANOOGA,2010,,"1,566",18,77,512,959,"10,977","2,680","7,461",836,8,,
,,2011,"169,187","1,454",24,38,385,"1,007","10,613","2,502","7,318",793,11,,
,CLARKSVILLE,2010,,802,9,54,121,618,"4,126","1,384","2,537",205,24,,
,,2011,"134,128",882,8,60,128,686,"4,213","1,332","2,663",218,22,,
,KNOXVILLE,2010,,"1,768",15,129,625,999,"12,399","2,728","8,860",811,51,,
,,2011,"180,488","1,690",18,94,559,"1,019","12,868","2,543","9,506",819,26,,
,MEMPHIS,2010,,"10,401",89,433,"3,237","6,642","42,178","13,100","25,144","3,934",328,,
,,2011,"652,725","10,333",117,396,"3,083","6,737","42,374","13,309","25,637","3,428",319,,
,MURFREESBORO,2010,,604,5,38,151,410,"4,618","1,309","3,153",156,15,,
,,2011,"109,736",653,3,30,131,489,"4,842","1,381","3,276",185,2,,
,NASHVILLE,2010,,"6,802",55,332,"1,802","4,613","30,236","7,690","20,711","1,835",76,,
,,2011,"612,789","7,236",50,372,"1,888","4,926","29,273","7,541","19,977","1,755",103,,
TEXAS,ABILENE,2010,,578,4,68,112,394,"4,897","1,340","3,375",182,26,,
,,2011,"119,526",428,5,33,120,270,"4,384","1,119","3,093",172,31,,
,AMARILLO,2010,,"1,200",10,102,238,850,"11,091","2,594","7,849",648,57,,
,,2011,"194,708","1,223",10,104,235,874,"9,388","2,016","6,756",616,75,,
,ARLINGTON,2010,,"1,925",16,119,532,"1,258","19,350","4,763","13,342","1,245",48,,
,,2011,"373,128","1,874",22,136,540,"1,176","17,208","4,388","11,757","1,063",37,,
,AUSTIN,2010,,"3,790",38,265,"1,231","2,256","45,826","8,749","34,827","2,250",122,,
,,2011,"807,022","3,471",28,211,"1,106","2,126","42,250","7,042","33,069","2,139",127,,
,BEAUMONT,2010,,900,10,65,312,513,"5,941","1,611","4,041",289,48,,
,,2011,"120,785","1,069",13,65,356,635,"6,656","2,035","4,336",285,32,,
,BROWNSVILLE,2010,,563,7,31,165,360,"9,316","1,286","7,784",246,26,,
,,2011,"178,706",500,1,37,109,353,"8,187","1,009","7,015",163,20,,
,CARROLLTON,2010,,184,4,4,63,113,"3,510",897,"2,256",357,13,,
,,2011,"121,603",206,3,4,93,106,"3,322",896,"2,152",274,7,,
,CORPUS CHRISTI,2010,,"2,068",16,191,389,"1,472","15,101","2,626","12,027",448,105,,
,,2011,"311,637","1,986",11,194,370,"1,411","14,897","2,668","11,762",467,68,,
,DALLAS,2010,,"9,161",148,505,"4,487","4,021","64,125","19,594","36,147","8,384",642,,
,,2011,"1,223,021","8,330",133,428,"4,066","3,703","61,859","18,727","35,148","7,984",596,,
,DENTON,2010,,312,3,60,64,185,"3,283",569,"2,560",154,21,,
,,2011,"115,769",311,2,53,55,201,"3,315",565,"2,632",118,28,,
,EL PASO,2010,,"2,861",5,179,479,"2,198","17,404","1,953","13,899","1,552",101,,
,,2011,"662,780","2,858",16,217,464,"2,161","16,312","1,859","12,997","1,456",120,,
,FORT WORTH,2010,,"4,301",63,325,"1,330","2,583","35,136","9,355","23,315","2,466",138,,
,,2011,"756,803","4,569",48,350,"1,267","2,904","35,117","10,058","22,617","2,442",143,,
,FRISCO,2010,,129,0,13,23,93,"5,332",434,"2,106","2,792",12,,
,,2011,"119,451",122,3,6,23,90,"2,460",483,"1,878",99,4,,
,GARLAND,2010,,492,7,39,209,237,"8,626","2,159","5,764",703,48,,
,,2011,"231,650",530,5,55,247,223,"8,683","2,244","5,794",645,52,,
,GRAND PRAIRIE,2010,,599,4,66,193,336,"7,483","1,967","4,596",920,30,,
,,2011,"179,087",599,9,69,201,320,"6,956","1,808","4,330",818,39,,
,HOUSTON,2010,,"22,491",269,712,"9,449","12,061","115,323","27,924","74,582","12,817",865,,
,,2011,"2,143,628","20,892",198,771,"8,054","11,869","108,336","27,459","68,596","12,281",765,,
,IRVING,2010,,529,6,36,170,317,"7,744","1,632","5,488",624,28,,
,,2011,"220,841",514,8,25,151,330,"6,794","1,603","4,590",601,21,,
,KILLEEN,2010,,993,11,91,259,632,"5,837","2,062","3,536",239,36,,
,,2011,"130,613",815,15,69,172,559,"5,210","2,034","2,989",187,40,,
,LAREDO,2010,,"1,142",9,78,209,846,"11,464","1,821","8,740",903,72,,
,,2011,"241,059","1,120",11,76,215,818,"10,419","1,790","8,143",486,95,,
,LEWISVILLE,2010,,240,3,25,80,132,"3,536",663,"2,488",385,2,,
,,2011,"97,295",183,3,22,53,105,"3,095",573,"2,223",299,6,,
,LUBBOCK,2010,,"2,001",10,91,328,"1,572","12,391","3,083","8,802",506,54,,
,,2011,"234,404","1,799",7,70,313,"1,409","12,078","3,410","7,975",693,56,,
,MCALLEN,2010,,299,5,14,115,165,"7,398",711,"6,283",404,9,,
,,2011,"132,610",245,4,27,72,142,"5,875",511,"5,184",180,6,,
,MCKINNEY,2010,,224,1,33,40,150,"3,122",643,"2,343",136,22,,
,,2011,"133,876",241,1,33,44,163,"2,826",626,"2,085",115,34,,
,MESQUITE,2010,,482,7,8,165,302,"6,516","1,457","4,345",714,20,,
,,2011,"142,766",397,2,8,177,210,"6,542","1,704","4,197",641,10,,
,MIDLAND3,2010,,407,2,44,65,296,"3,599",893,"2,558",148,13,,
,,2011,"113,486",334,4,21,58,251,"3,287",715,"2,435",137,5,,
,ODESSA,2010,,726,3,36,96,591,"3,523",824,"2,508",191,16,,
,,2011,"102,043",748,6,37,73,632,"3,134",617,"2,336",181,24,,
,PASADENA,2010,,611,7,68,149,387,"5,551","1,113","4,066",372,15,,
,,2011,"152,179",566,5,62,135,364,"5,266","1,124","3,728",414,20,,
,PLANO,2010,,484,4,52,152,276,"6,737","1,237","5,113",387,10,,
,,2011,"265,309",429,5,40,142,242,"6,764","1,193","5,182",389,5,,
,RICHARDSON,2010,,194,0,14,90,90,"3,006",607,"2,200",199,4,,
,,2011,"101,311",173,0,9,76,88,"2,808",680,"1,934",194,3,,
,ROUND ROCK,2010,,116,0,26,35,55,"3,016",464,"2,452",100,4,,
,,2011,"101,989",115,2,25,39,49,"2,446",394,"2,001",51,1,,
,SAN ANTONIO,2010,,"8,434",79,467,"2,360","5,528","88,353","17,301","65,395","5,657",327,,
,,2011,"1,355,339","7,038",89,492,"1,785","4,672","80,868","15,334","59,641","5,893",209,,
,TYLER,2010,,656,6,44,99,507,"5,153","1,052","3,878",223,12,,
,,2011,"98,939",503,3,46,79,375,"4,441",834,"3,423",184,6,,
,WACO,2010,,838,5,51,195,587,"6,439","1,856","4,373",210,26,,
,,2011,"127,431",766,11,70,245,440,"6,422","1,670","4,593",159,35,,
,WICHITA FALLS,2010,,463,7,44,133,279,"5,314","1,317","3,710",287,29,,
,,2011,"106,753",459,1,30,147,281,"4,876","1,241","3,398",237,25,,
UTAH,PROVO,2010,,196,2,48,27,119,"2,752",372,"2,277",103,17,,
,,2011,"114,659",149,4,27,26,92,"2,888",386,"2,400",102,10,,
,WEST VALLEY,2010,,606,6,75,131,394,"5,785","1,038","4,134",613,13,,
,,2011,"131,979",588,4,77,126,381,"5,368",929,"3,711",728,10,,
VIRGINIA,ALEXANDRIA,2010,,272,2,22,125,123,"3,263",317,"2,658",288,7,,
,,2011,"141,638",252,1,14,129,108,"3,181",303,"2,506",372,6,,
,CHESAPEAKE,2010,,877,9,30,276,562,"7,570","1,190","5,986",394,26,,
,,2011,"224,864",892,12,46,246,588,"7,163","1,237","5,601",325,21,,
,HAMPTON,2010,,394,14,30,176,174,"5,359",762,"4,250",347,25,,
,,2011,"139,078",350,9,19,155,167,"5,273",820,"4,180",273,31,,
,NEWPORT NEWS ,2010,,983,23,87,375,498,"6,638","1,268","4,928",442,95,,
,,2011,"182,878",845,15,52,388,390,"6,041","1,094","4,592",355,84,,
,NORFOLK,2010,,"1,450",34,94,595,727,"13,201","2,162","10,117",922,51,,
,,2011,"245,704","1,424",29,81,625,689,"12,258","2,256","9,217",785,38,,
,PORTSMOUTH,2010,,610,13,21,267,309,"5,510","1,326","3,910",274,24,,
,,2011,"96,676",550,12,46,235,257,"5,237","1,348","3,623",266,11,,
,RICHMOND,2010,,"1,514",42,41,736,695,"8,595","1,785","5,938",872,43,,
,,2011,"206,654","1,428",36,44,676,672,"8,647","1,886","5,833",928,58,,
,VIRGINIA BEACH,2010,,831,14,53,429,335,"13,325","2,164","10,501",660,135,,
,,2011,"443,226",776,15,60,412,289,"12,133","2,038","9,645",450,133,,
WASHINGTON,BELLEVUE,2010,,138,0,10,59,69,"3,769",657,"2,905",207,31,,
,,2011,"124,283",140,1,23,58,58,"3,539",607,"2,775",157,25,,
,EVERETT,2010,,535,5,76,181,273,"7,672",994,"5,536","1,142",29,,
,,2011,"104,635",450,5,49,143,253,"7,503","1,163","5,415",925,27,,
,SEATTLE,2010,,"3,515",19,96,"1,429","1,971","33,186","6,449","23,284","3,453",126,,
,,2011,"618,209","3,664",20,100,"1,418","2,126","31,792","6,807","21,585","3,400",84,,
,SPOKANE,2010,,"1,270",6,80,432,752,"15,042","2,859","10,174","2,009",45,,
,,2011,"212,194","1,304",4,84,484,732,"15,039","3,030","10,231","1,778",72,,
,TACOMA,2010,,"1,704",14,145,535,"1,010","12,717","2,896","7,780","2,041",66,,
,,2011,"201,510","1,507",11,125,446,925,"12,062","2,709","7,228","2,125",80,,
,VANCOUVER,2010,,671,0,112,173,386,"6,544",939,"4,682",923,48,,
,,2011,"164,329",633,9,102,185,337,"6,447",950,"4,629",868,33,,
WISCONSIN,GREEN BAY3,2010,,370,2,54,67,247,"2,595",568,"1,917",110,6,,
,,2011,"104,510",371,2,52,48,269,"2,420",467,"1,852",101,7,,
,MADISON3,2010,,939,2,88,327,522,"8,042","1,647","6,027",368,75,,
,,2011,"234,225",815,8,74,272,461,"7,931","1,439","6,149",343,50,,
,MILWAUKEE,2010,,"6,336",95,196,"2,943","3,102","31,765","6,203","21,233","4,329",249,,
,,2011,"597,426","5,951",85,195,"2,936","2,735","30,037","6,626","18,880","4,531",257,,
1 The 2011 population figures are FBI estimates based on provisional data from the U.S. Census Bureau.  (See Data Declaration.),,,,,,,,,,,,,,,
2 The FBI does not publish arson data unless it receives data from either the agency or the state for all 12 months for 2010 and/or 2011.,,,,,,,,,,,,,,,
"3 Because of changes in the state/local agency's reporting practices, figures are not comparable to previous years' data.",,,,,,,,,,,,,,,
4 Complete January through December data for 2010 are not available.,,,,,,,,,,,,,,,
"5 The population for the city of Mobile, Alabama, includes 55,819 inhabitants from the jurisdiction of the Mobile County Sheriff's Department.",,,,,,,,,,,,,,,
"6 The FBI determined that the agency did not follow national Uniform Crime Reporting (UCR) Program guidelines for reporting an offense.  Consequently, this figure is not included in this table and has been excluded from all Report tabulations.",,,,,,,,,,,,,,,
"7 The data collection methodology for the offense of forcible rape does not comply with national UCR Program guidelines.  Consequently, their figures for forcible rape and violent crime (of which forcible rape is a part) are not published in this Report.",,,,,,,,,,,,,,,
 ,,,,,,,,,,,,,,,
,,,,, , , ,, ,,,,,,
,,,,,,,,,,,,,,,
,,,,,,,,,,,,,,,
,,,,,,,,,,,,,,,
,,,,,,,,,,,,,,,
,,,,,,,,,,,,,,,
,,,,,,,,,,,,,,,
,,,,,,,,,,,,,,,
,,,,,,,,,,,,,,,
,,,,,,,,,,,,,,,
,,,,,,,,,,,,,,,
,,,,,,,,,,,,,,,
,,,,,,,,,,,,,,,
,,,,,,,,,,,,,,,
,,,,,,,,,,,,,,,
,,,,,,,,,,,,,,,
,,,,,,,,,,,,,,,
,,,,,,,,,,,,,,,
,,,,,,,,,,,,,,,
,,,,,,,,,,,,,,,
,,,,,,,,,,,,,,,
,,,,,,,,,,,,,,,
,,,,,,,,,,,,,,,
,,,,,,,,,,,,,,,
,,,,,,,,,,,,,,,
,,,,,,,,,,,,,,,
,,,,,,,,,,,,,,,
,,,,,,,,,,,,,,,
,,,,,,,,,,,,,,,
,,,,,,,,,,,,,,,
,,,,,,,,,,,,,,,
,,,,,,,,,,,,,,,
,,,,,,,,,,,,,,,
,,,,,,,,,,,,,,,
,,,,,,,,,,,,,,,
,,,,,,,,,,,,,,,
,,,,,,,,,,,,,,,
,,,,,,,,,,,,,,,
,,,,,,,,,,,,,,,
,,,,,,,,,,,,,,,
,,,,,,,,,,,,,,,
,,,,,,,,,,,,,,,
,,,,,,,,,, ,,,,,
,,,,,, ,,,,,,,,,